id,title
2170095,Oh My God
97254,(#5.18)
549369,Granada to Salamanca
684078,Swap Plot Flop
2102942,Margot
172473,(2007-05-10)
1327533,Engineer Bob
1354239,"Bret Michaels, Conan O'Brien, Jay Leno & Rush Limbaugh"
1368107,(#1.84)
1355156,(#1.5)
1522579,(#1.130)
1669730,Ah bu kadinlar
36855,(2012-09-07)
234397,Dangerous Travels
2095453,Magma swingt... im Beverly
734199,(1996-02-22)
1049719,Psycho Girlfriend
2074845,Lights
1594240,(2009-04-22)
1062039,Turbo Tour
1174419,Das schwarze Schaf
320700,(#1.5)
2177256,Only the Strong: Wasteland Wanderer
1083039,Revision3 Remix
2137703,My Dark Days
212896,Ichido dake anata ni aitai
639201,Mit bestem Wissen
850686,Santino Returns to the Monastery
2315949,Strap-On Blonde Bitches
1190869,Mondeling examen
341317,Mal eng - mal breit
321955,(#1.9047)
744710,(#1.1)
1286565,Honour Among Thieves
1686162,Anavryti - Spilaia kai paradosi ston Taygeto
793086,New York City Opera: La Traviata
761713,(2003-12-27)
1801519,Danas smo pojeli zadnju kravu
385058,Housewife Hustler
2351076,The Blue Viking in Sarajevo
451490,(2002-01-27)
618215,(#4.4)
378533,(#1.2)
1710091,Bain de jouvence
2522494,Zápor
1174613,Chicuela
277499,(#1.900)
470959,Forget Me Not/The Quiz Masters
794741,(2007-07-02)
1601266,Wow Mali!
1761391,Carritos
1810079,De overloper
704871,(#6.2)
126425,(#2.121)
2120158,Mindgames
1355625,(#2.9)
2292779,Skyline 2
2347271,The Bandit's Child
1707444,Babylonia en Guagua
2431251,Things Wong Kar-Wai Taught Me About Love
2335028,Tea for Two Hundred
509166,Game On
951491,The Fabric of the Cosmos: Illusion of Time
51773,(#6.3)
159596,Rudolph Valentino: The Great Lover
322831,(#1.9936)
1678925,Always Together: Chinese-Jamaicans In Reggae
2522389,Zwischen zwei Welten
116743,L'Ogresse
1781256,Codename: Aphrodite
1321762,The Fortune Tellers
1104971,(#1.76)
1123097,Fisherman's Catch
2428571,The World's Most Fabulous Object
1840739,Dongo Hori
1573651,Sorority Sisters
483113,Flash Forward
2442177,Tong zi gong
576812,Das Haus Sesemann
263962,Secret Ingredient Lamb Chops
2264665,Sayeha-ye hojum
1070685,(#1.1)
1434498,(1999-06-18)
511155,Gasaraki
2069312,Les sept péchés capitaux - I - L'orgueil
2367554,The Fan
944928,(1994-08-09)
1591970,Ka la OK
294353,(2000-07-03)
576684,(#9.5)
2247140,Robopocalypse
120600,Windrunners/Bivowacky
1851497,EAP: He Did It All for You
1779252,Clinic Exclusive
1526120,Der Atem der Erde
311408,(2008-08-23)
258536,(2001-05-11)
64072,(#1.5)
1832151,Die Zeit des Schweigens ist vorbei
1845816,Drecksau
1096234,(#1.11)
2301779,Sons of the Never Wrong: Pedestal
1037174,Power Rangers in Space
2193642,Pater's Patent Painter
1024112,(#4.76)
595045,(#1.3594)
748915,(#2.10)
364611,The Little Shepherd Dog of Catalina
163842,(#1.12)
2115824,Mga espada ng Rubitanya
62027,Au diable la malice
88821,(2000-07-03)
642676,Maple Syrup
1563082,(2013-01-13)
2003339,Jon Hendricks: The Freddie Sessions
1009852,Todo tiene su fin
1761405,Carrot
1374614,Emotional Milestones
1481578,Top 5 Awful Moments in U2's 'Rattle and Hum'
1745416,"Bregana - 9/11, meine Mama und die Zagreber Mischpoche"
1184180,Who's the Boss?
753780,(#1.5)
531531,Go
626250,(#1.19)
1140458,(#3.9)
2502241,Window Shopping: Attack of the New Releases
253604,Circle of Fear
1715958,Battle of Westlands
393910,(2000-09-18)
2214504,Prairie Thunder
1079045,Sayonara no merodi (Zenpen)
1506584,(2006-04-11)
2012170,Kanoon Ka Harz
862906,Diversityklok
91100,Osa 157. Terho Reijonen
2198046,Perfecta pell
668170,(#1.107)
2176901,Oni azami
719550,Bourbon Blackberry Ice Cream Sauce over Pink Lady Apple Pie
156822,Motion
1376126,(2009-05-15)
372154,Every End Has a Start
2147072,Naughty College School Girls 22
1633810,(Outlive)
916653,The Feud
2260259,San Juan de Dios es Jalisco
1478767,(2003-12-12)
2232327,Rape
834475,Mama mia show
1502360,(#31.7)
1906604,Fukuro no shiro
29848,(2005-06-22)
1399054,The Wayward Season
961958,"Sex, tsontes kai videotainies"
2257776,Saimin ekusutashî: Nozokareta Seikô'heki
1878712,Exposed
223976,The Fourth Sister
771340,(2010-02-26)
674467,(#9.184)
1932924,Ha fatto tredici
503331,(#1.84)
2513363,Yonder Shroomer
1565149,Tomorrow Never Comes
182748,(#3.23)
1556842,Sola davant el perill
2503538,Witch Academy
1760453,Carlos Prieto: De Bach al siglo XXI
677697,(#2.1)
2062612,Le tappe della gloria e dell'ardire italici
1734951,Blistering Blowjobs 6
62937,Trampa para un hombre solo
1071986,Battle of the Seasons: Inside the Inner Circle
2067195,Les diamants de la victoire
2508931,Xia liu she hui
2063812,Leave It to Cleavage 2
1526519,Unpacked
1777511,City of Bachelors
758470,(2008-04-22)
2046796,La riscossa delle maschere
1884650,Fat Beauty Contest
2043430,La mercantessa di diamanti
212245,End of the Road
809274,(2011-03-21)
2478653,Vidhichathum Kothichathum
758460,(2008-03-13)
2500495,Wiesz jak jest
334654,Blinded by Love
378149,(#4.1)
354946,(2010-09-24)
1652488,A Man in the World
2370420,The Four Aristocrats
962478,Obcy
767815,Alan Thicke
499981,Death of the Dream: Is the Golden State Losing Its Luster?
2357598,The Comedy Team's Strategy
1065067,Fish
582654,(#15.10)
1029878,(#1.4)
1529744,(2009-01-08)
661657,Easter Tells Such Dreadful Lies
2235367,Recommended by Enrique
676842,Jigsaw
2125649,Molti sogni per le strade
1899776,Fotzen am Limit
347100,Dezurna zubobolja
1637738,1st Time Cocksuckers
1186477,Rudolf vraagt om hulp...
1144427,50 Shades of Sexcetera
916248,Peru's Mass Grave Mystery
2145758,Nasty & Sweet
1368622,(#1.45)
65606,(#7.3)
877905,(#8.5)
1515648,The Dalotek Affair
2453480,Tukso
535857,(#4.1)
1089660,The Brotherhood
324015,De archiefkamer
1396050,(#2.2)
2151250,New Perspective
1555194,Numero 40
2383534,The Lady Blades
407255,Wie Herr Lamprecht den ersten Schritt unternimmt
2376688,The Haunting in Connecticut
930674,(#2.8)
898334,Gimme Shelter
2258061,Sakariba nagashi uta: Shinjuku no onna
1165999,On the Run
850538,Enrique Passes Away
186680,Annie's Old Beau
223321,From the Boys
2257966,Saison in Salzburg
1129926,Sintra - Stadt Sintra und Sintragebirge
349263,Tag 4: Ein Brand im Sendezentrum
2497320,Where's Waldo? Fact or Fiction
2331829,Tally-Ho
2172230,Olivia Newton-John and the Sydney Symphony Orchestra: Live at the Sydney Opera House
2253743,Running Delilah
1779010,"Clerks Casing Mail for Bags, U.S.P.O."
1226817,Ichien dama no tonbo wo meguru yume
1925375,Gorodki
1366880,Super Blooper Heroes
1811826,Deadly Impact
1397232,(#4.32)
1652152,A Love Chase
2470874,Usi di capodanno
1891720,Fire Serpent
259570,Vicki
2466163,Une petite note d'humanité
930401,Titanimal Kingdom
1089163,The Tall Dark Man
588683,The Wild West
1934379,Half an Hour
571627,Audrey Parker's Day Off
1637291,1984 NBA Draft
1818926,Der Junker und der Kommunist
548563,Lamborghini
2344734,The Anal Teens 2
1159742,Cry Me a River
1241191,(#1.185)
198484,(2000-01-12)
932730,(#3.9)
2281661,Sherlock Holmes V
727422,2000 'n' Whither?
1698089,Ashi Hi Banwa Banwi
811796,Caged Fae
1770358,Chess
2418914,The Temperance Fete
1368098,(#1.75)
2263858,Savale Samali
2179589,Order of the Quest
1360166,(2000-11-29)
109748,(2012-05-27)
1993771,Jaanam Samjha Karo
1039268,Oliver Twisted
2383774,The Land Before Time XII: The Great Day of the Flyers
2463777,Una vergine in famiglia
1553954,(2007-04-12)
1606219,Spring Rates 101/Gorilla Run Hill Climb
645417,(1999-02-07)
263364,(2011-01-11)
1715928,Battle of the Network Stars XVI
453239,De hots
2299573,Sombras en una batalla
2359835,The Cum of the Night
490665,Hochzeit
2259296,Sam Sullivan: Life in a Wheel
826128,"Dreamgirls - Hair, Make-up, Costumes"
575422,The Dying of the Light
1010246,The Case of the Sleepy Slayer
348699,Camp Anarchy
1252339,(1995-09-19)
1039257,Bones and Groans
1023335,(#1.97)
430409,(#1.1407)
1264473,A Muggy Day in Central Park
2256235,Sabi otoko sabi onna
772587,Le miroir de la popularité
1920092,Glass
202885,Rallye Defi Ste. Agathe Duhamel: Part 1
1379643,A Horse Called Beauty
661465,Love Affair
655427,1 año
1998796,Jenteal Loves Rocco
2061229,Le porte del Duomo di Milano
1129721,Berlin
580294,(1961-08-09)
2026090,Kosta Panitza - cherti iz zhivota i vremeto mu
485537,(#3.1)
1009131,Perfect Blue
759854,McCoy Family
11210,Stride of Pride
1717425,Beatmania IIDX 17: Sirius
2456169,Two Dreadful Children
1138467,Moya- Beauty Pageant Mom
1909616,Galatea
1276866,(1959-03-23)
2170869,Oil Spills 3
13847,5 gegen 5
295461,To Halve and to Hold
263571,Capítulo 14
1658765,A Thousand Pardons
538954,Blue Collar BBQ
2044845,La otra cara
1597938,(#1.7)
2118878,MILF Blown
2522354,Zwischen Nacht und Sünde
1984130,Infinite
292962,Matron: Part 1
1875410,Europe: Final Countdown Tour - Live in Sweden 1986
1346476,Huck and Ladder/Jinksed Jinks/Who's Zoo
454149,Cooking
1575833,(#10.48)
1986823,Interceptor
2527599,Rotlicht
2287813,Silent Nights
2427238,The Windy City
1221063,Loose Lips Sink Ships
1863209,El triangulo
1312219,Erika Christensen
2363921,The Downward Path
1345155,Unconventional Behavior
2461097,Un dimanche sans ailes
1344249,(1970-06-22)
327530,(#2.43)
1468441,Thyella
1204250,(#1.7)
917290,Pack of Lies
2097087,Make the Bitches Beg 5
1154601,(#4.9)
2395313,The Most Fertile Man in Ireland
872455,(2005-12-22)
1440467,The Case of the Bathing Accident: Part 2
2249767,Roméo dans ses meubles
728110,(#3.15)
838044,(#1.35)
2261595,Santa Comes Again
221849,Honour Thy Father and Mother
613513,(#4.1)
1645634,A Cheap Removal
1067555,Ran an Jörg
1370110,(#2.5)
1370256,(#1.69)
1681409,American Remains
1442499,...And They Have a Plan
679957,(#1.153)
1971535,Ich bin Edith aus Neukölln
1867180,En defensa propia
915222,Kein Nachwuchs bei den Pelikanen
848611,Walk Like a Man
1269156,(#1.325)
1803783,Dark
2300800,Son of a Gun
2016374,Kemiti a Bandhan
1993618,J.F. Willumsen
1182142,Charlie Wright & Watts 103rd Street Band/Carla Thomas/General Crook
53191,Bang! You're Dead
412007,(2006-06-21)
446291,(2010-11-04)
273368,(#1.4489)
1204599,(#1.4)
1433756,(#4.9)
2510291,Yadul Kadar
572008,The Ransom
1265566,Long Distance Relationships
341521,(2010-07-04)
514749,(#1.11559)
1669399,Agni Devan
1484216,Crime Without Victim
967125,(#1.8)
1086113,(#2.3)
1347678,The Truth About Pyecraft
2020048,Kindan no joji
768466,Four Cops Shot
436015,(2002-07-13)
2201352,Piango mia moglie
2441090,Tokyo 1960
643566,Glass
1991324,It Happened to One Man
1803996,Dark Hollow
2187053,Paletas
2099814,Man on the Move: Jason Bourne
1481067,(2012-10-11)
1320987,Marla Maples Part 1
708172,(#1.41)
1403153,(2012-04-30)
2366617,The Explorer
564868,May the Best Man Win
1522990,Compromiso
75366,How the West Was Lost
1980473,In Performance: Trailblazers - Reich's Revolution
1118164,(2012-03-17)
764169,(2012-03-02)
2182240,Ouch! That Stereotype Hurts
1852436,Ebediyen seninim
791993,Asia vs Kaylee
731504,L'arrivée d'Agnès
444735,La última voluntad
2133233,Mrs. Maloney's Fortune
1370058,Fundamental Forces
398096,(1990-12-11)
63236,(1998-11-04)
2317834,Student Trafficking
670249,Hott Halloween
329602,(2005-11-06)
54813,In the Barber Shop
1728055,Big Titty MILFs 18
1720337,Beit el talibat
2500071,"Widdershins, Ext."
2366526,The Exit
2136680,Mutiny Ain't Nice
515106,(#1.11916)
2238018,Reject Rejection: The Making of 'Accepted'
54185,(#1.22)
1801348,Dan Backs a Winner
1503374,Plaisir d'amour
952933,The Unforeseen
1429290,(1974-01-07)
1937632,Harang
2354512,The Captain Besley Expedition
1356496,(2012-08-24)
595250,(2004-03-17)
237111,(1988-11-30)
1258864,Ten Modern Artists
1533708,(#3.24)
793999,(1994-09-27)
133853,The One That Got Away
878926,Winter Tech
1003415,Paul of Tarsus
2002284,John & Jane
1555076,The Plant Man
1732242,Black Gang Bang 22
678186,(#4.213)
768504,Hunters
1071011,(2011-09-29)
2142548,Naar de klote!
377137,Giudizio universale
330635,The Election
2429983,Theodore Roosevelt
333262,What if ... Craig Picked Emma
1823013,Desmadre en la Noche de la Quietud
1756445,Calomnierea calomniei
423652,(#1.40)
2079282,Ljubav na telefonu
301748,Dags dato Special: Jesus og Da Vinci mysteriet
391239,In His Easter Bonnet
441147,Endangered Species
2108691,Maybe...
1076951,Valentine's Day
24649,A l'est del Besòs
365859,Dittsche - Heimspiel
1429799,(1981-08-21)
2155292,Ningyo sono 2
1018603,(#2.25)
2476345,Verknipt
703898,(2011-11-09)
1494531,La télévision des Macédoniens
1797001,Cupid's Lieutenant
178584,(2005-02-03)
1325145,Dr. Dennis Hong/Ryan Block/Rick Karr/ATI Eyefinity
1194548,Tritiya Ep 2
1686848,Andiamo a cercare Kri Kri
345241,Camp Boogeyman/Wendigo
491449,Our Darren
328970,A Cook
963194,(#1.136)
2438976,To Dance Again: Parkinson's Meets Tango
857900,Melodifestivalen 2010
1513547,(#1.7)
1999004,Jerks
425025,(1991-01-27)
274118,(#1.5163)
2047648,La sirena Aalamatzin
2492407,Wenn der junge Wein blüht
383709,Nightmare Brides and Grooms
320611,(#1.432)
2181677,Othello: A Critical Guide
1243983,Liebe am Nachmittag
1371995,The Apprentice
220847,Chadshot Arutz Shtayim
1520505,Atlas des nouvelles fractures sociales
1682448,Amor Índio
808962,(2008-05-27)
1595676,(2002-07-17)
434771,(#1.100)
2251659,Round
764519,(#16.134)
1578865,Picture Perfect 3
2388702,The Lost One
1069915,(1976-03-17)
285500,(#1.45)
1530562,COLT Government Mk-IV Series'70 'Gold Cup National Match'
963133,A Man's Biggest Nightmare
1411990,(2002-05-07)
821231,(#1.402)
2085294,"Lost, a Pretty Dog"
1330615,The Ford Television Theatre
2150360,Neutron Man
1649442,A Giant Monster Tale
8708,24 Hour Restaurant Battle
1938543,Harlem's Mart 125: The American Dream
510237,"Nanja, aryâ'"
1727650,Big Natural Breasts
297926,(2011-09-24)
1909460,Gala del Grupo Zeta: Los mejores del 94
1219770,(#11.7)
274191,(#1.5229)
2246016,Road Gang
2182503,Our Guys: Outrage at Glen Ridge
317826,(#1.10214)
1765365,Cerebral Print: File #371
1128234,Von Regensburg nach Straubing
1698490,Asian Street Hookers 3
861674,Bad News Is Good News
481200,Black Savannah
734346,(1998-06-04)
2222784,Pulling
1254419,(2002-10-08)
157482,(#1.31)
285217,(#2.3)
1533559,(#1.99)
993801,The Other Half
64973,(#1.108)
2399003,The Only Hope
275351,(#1.6273)
104392,(#1.13576)
1312342,Griffin Dunne
1011334,Bunny Boom
74014,Ryan-ara!
1804620,Dart
1245536,(2010-05-12)
502020,Multiple Warrants
1410145,Feeding Frenzy
1747244,Broken Moment
1762746,Castles in the Sky
657826,"So, We Meet Again"
846443,Creativity Wired
1253805,(2001-01-14)
465355,(#1.2423)
2317966,Studying the Aliens
121454,"Bentley, the Star Maker"
696373,Kahdeksan surmanluotia
606080,The Wild Cockatoo
532625,The Breeder Beast
1765672,Cesta bratstva in enotnosti
1212231,Saigo no saigo ni...
2012191,Kansainvälinen kongressikeskus Otaniemi
1555998,Kloppende harten
2297692,Social Aspirations
528335,The Case of the Strip Mined Mountain
2436200,"Tight Holes, Big Poles 8"
524913,Blessings in Disguise
255155,Jim Gaffigan
243577,(#3.6)
2354773,The Carrot King: A Fable For Children Who Eat Their Vegetables
1166021,Pilot
1478681,Ecuador
1017032,David and Anthony Start to Accomplish Their Secret Tasks
1649541,A Girl to Kill For
1216539,(#1.33)
1101420,(2004-03-03)
781643,Ultimátum
876274,(#1.69)
976454,Showdown the Past
2265457,Scenes from a Bar
2083261,Los divorcios
2470478,Urmel 2: Faule Tricks auf hoher See
1329608,Pebbles' Birthday Party
2103176,Maria Sklodowska-Curie
1976598,Il tesoro del Secondo Cosacchi
876787,Mitos y leyendas
647433,(2005-08-17)
1083599,(#1.49)
1687502,Ang maestra
360821,(#1.3)
96960,The Tale of Prisoners Past
435515,(2001-11-13)
1416358,Adventure 2
1994847,Jadu Bansha
671316,(#11.95)
502814,(#5.12)
2445055,Toumast
2114732,Messenger
1493488,The Quality of Mercy
2150861,New Aging
2294865,Small Things
447488,Oakland Raiders vs. Seattle Seahawks
997723,(2003-07-02)
2102196,"Marahui gekiga, ukiyoe senichiya"
1576949,(#3.28)
831827,Linda Runs Away
1597664,(1997-02-08)
116659,(#3.18)
1479523,(2003-08-18)
1825777,Di yu xin niang
2244291,Rihatuten aruji no kanashimi
2153532,Night Fifty
1967099,I Dream of Variety
49006,Shinsei
569333,The Harts Strike Out
1029935,(1997-04-16)
683792,Jornal Nacional
1651232,A kölcsönkért csecsemök
1944304,Hellcats 8
1790031,Cotton Handkerchief
1091427,S.W.A.K./Magic Meatball
128185,Wedding
1110962,Ein bißchen Aufschwung - Zu spät(h) für Schröder?
1192087,(2008-05-25)
744967,Match Ball VI
2304444,Spanish Customs and Dances
1683873,An Evening with Russell Simmons
1797252,Curly's Holiday
1351394,Trick or Treat?
715078,Nananana Hey Hey Goodbye
2493265,Wet Dreams
1516394,Ukridge
59894,(1958-04-06)
2488679,Washing
1737998,Bob le flambeur
2278373,Shadows of Desire
636339,Warum die SPD wählen?
1246432,"Three Bags Full, Sir"
367893,River Beat
1631157,(#1.7)
741729,(1999-05-31)
953,Promise
1882077,Falsche Bärte und Nasen
1321684,Danger on the Hazzard Express
710141,Chris Harris
1703316,Ausflug ins Gebirge
2249246,Romance of the Desert
355425,Täglich eine gute Tat?
1107953,(2002-02-01)
2024273,Kokkei busha shugyou
1063072,Make Me Sexy Again!
2200689,Philadelphia Symphony
231506,Chî asobu
104938,(1999-11-16)
82393,(#9.17)
506257,(2003-09-18)
2264828,Scale
2400525,The Parson's Wife
1566105,(1998-12-29)
1973788,Il barbiere di Siviglia
1499327,Houston
255718,(#5.7)
1437573,(2010-01-29)
1891757,"Fire, Wind and Flood"
87137,(1993-01-16)
423834,(#1.2)
15706,Tom Brady/Charlie Weis
2194524,Paula cautiva
1277740,Fantasy Camp
64781,(#1.126)
2520900,Zombie TV Presents Jenny
1826729,Dick distributore automatico
1575074,The Meathead Incident
1294112,(#1.6004)
2193286,Password
1386861,(#37.35)
2460771,Un cane e due padroncine
191870,(#9.16)
1242322,Tanzschule Kaiser
2433752,Three Two One
377534,(2011-03-03)
1227069,Suigin no fushigi
662177,The House Next Door
1114047,(#1.2)
1599179,Why I Want to Be Leader
1782190,Collection of Fortunate Happenings
2078809,Living Downstream
925591,(#1.5877)
1653720,A Munkászubbony
1111493,(1999-03-30)
2139081,My Mother Is Not a Fish
972638,(2010-11-09)
2261519,Santa
741665,(1999-02-09)
2313094,Sticks & Stones
770640,(1993-10-16)
1813932,Deep Cheeks 11
1216492,(#1.11)
1766465,Chambres de bonne
774317,Lefkos Oikos
1208703,All My Love
870322,"Benet i Jornet, del Xino al Raval"
1026054,C.K. Williams
118219,(#1.34)
2175720,One Man's Hero
2220672,Promotion
430822,(#1.2867)
1817056,"Deportados, 1969"
2277511,SF-katsaus 44
1267355,(1987-05-18)
2126387,Monasterio de Montserrat
2097625,Making of 'Wimbledon: The Movie'
493143,(2013-04-05)
2304435,Spanish Battleship 'Viscaya'
907231,Responsables
1899947,Four Billion Bucks
1074016,Juventud
148715,The Corn Is as High as a Guernsey's Eye
2213606,Pour une fille
766132,(2005-11-17)
230345,(#3.38)
627282,I.M.N. Love
1197546,Message in a Bottle
789616,Wenn Frauen nicht wollen
40725,Extortion
128118,Zakochane duchy
330352,(#1.23)
1063788,More Than a Single
2502759,Winning Patterns
2293674,Sleepwalk with Me
311537,(2011-09-24)
2499158,Who's Next?
1700225,Así es la vida...
1277855,(1989-05-10)
2181316,Ostende
2219680,Prodigy
141143,Basim Belada
116006,Popper Has Left the Building
1853967,Een Hoogst Interessant Avontuur Van Drie Soldaten
2512267,Yesterday's Enemy
2352877,The British Soap Awards 2006
1160179,(#3.31)
735751,Wanraich/Morán/Pinti/Ayos
897538,(2005-04-08)
713703,(#1.726)
2184793,Owl at Twenty
1161460,Meet Kody & the Wives
705785,The Commercial
911118,(2000-10-10)
2515046,Young Muff 14
1461913,(2007-03-01)
434495,"Luc Montagnier, un combat pour la vie"
1609783,The Inugamis
574629,BPH: A Growing Problem
2154693,Nikita: Codebreaker
2174131,On the Seventh Day in Waco
803768,(#1.4)
230701,(#5.17)
1064706,Yuri ha utsukushiku chiru
621818,Hollywood Howes
783795,(#2.4)
169464,Time Served
373375,Student Bodies
529209,The Artful Mr. Glencannon
915540,(#1.19)
538552,(2008-05-22)
2300679,Somos las bolas
1030642,"Goodnight, Polkaroo"
1794286,Crossroads
313751,(2007-08-12)
346403,Deutsche Dynastien Die Ottos
2176692,One Woman Show
425726,(#1.171)
1635436,10:22:47 A.M.
2077028,Little Big Heroes
2396180,The Mystery of the Double Cross
460902,April Fool
365729,(#13.1)
83656,(#1.8)
451071,La Malquerida
828677,(#1.1)
1698430,Asian Mayhem
362503,Dirty Work
623992,Hurja joukko
905008,"Global, Eclectic, Family Room"
64794,(#1.138)
2524030,Året der gik
1845594,Dreamless
1961587,How to Describe a Cloud
2292774,Skylights
22325,Mata o Véio
1214666,KCL Christian Union
1359998,(2013-04-29)
380191,(#1.30)
250493,To the Rescue
1422953,Park
222078,Channel 4 News
892850,Famous and Underage
613332,Time Trubble
2150353,Neutral Port
1127598,Refill
285352,(#1.1)
1890010,Filmmakers
34231,Y
329103,A Woman Sobbing
289118,Deadly Rendezvous
316190,Und Action!
2066810,Les Chiens Verts
2234826,Reba: Starting Over
299293,Mother's Day
887349,Adam i la moneia
1436409,(#2.5)
1524133,UnderCover Customs
1496274,"Chaos, Clutter and Cows?"
389255,Árbol familiar
581707,(1994-05-10)
1245770,(2011-06-17)
1741085,Booty Talk 4: Jammin' at the Lake
1531898,Use Your Life
863612,(#1.289)
1313353,Paul Rudd
538122,Om filmen 'Kopps'
2389815,The Magic Melody
954413,(#1.115)
1133203,(#1.3)
966681,(2011-11-30)
1482504,+0043-
377236,Scelta di vita
143457,Petit Louis
515216,(#1.12026)
1467158,(#14.134)
2318805,Subspecies
1302596,(#2.6)
242316,Frat House Clutter
1754509,C.S.EI Meidling - Warriors of Light
1328779,Update: Last Fare
2299616,Some Baby!
1524063,Cinnabon
402656,(1986-05-09)
1985958,Inside Story
1602079,(#5.25)
2155591,Nippon
2468520,Untitled Bill Graham/Fillmore East Documentary
796979,(#2.12)
1513764,Türkisch für Anfänger
2472533,Valentina Valentina
163658,Mission! The Shinigamis Who Came
2272435,Self Confession
163459,(#19.3)
2187866,Panelstory aneb Jak se rodí sídliste
1740052,Bondagettes to Order
752675,(#1.130)
5280,The Flushing Point
566414,(2010-05-07)
1692236,Apna Khoon Apna Dushman
1210629,(1993-06-27)
105284,(2003-02-07)
2226069,Qiangpo baoguang
1674709,Alien Makers IV
1520161,Le père de Jean
1435847,(#3.21)
2195264,Peace on Borrowed Time
445251,(2007-12-27)
434655,Pilot
2016733,Kentucky Kernels
2354915,The Cask of Amontillado
2046535,La regina del mare (Napoli)
1582907,The Real Housewives of Millionaire 2
659327,Race to Venda
2442246,Tonight at 11:00
1335758,A Little Romance
573878,Twelve Angry Nerds
172065,Boney
1565723,(#1.3)
913189,(2012-11-07)
831161,Yuujou no yuki matsuri
117198,TetrAwesome
150779,Bidu e Bimbim
221719,To Be There or Not to Be There
25050,(#1.19)
2469718,Up the River with Molly
2384635,The Last Mail
26880,(2010-01-05)
136141,Wilderness of Monkeys
844114,"So Long, Oolong/Cinderoku"
1987465,Intervention
1854304,Efunsetan Aniwura
1625164,Prærien bliver aldrig den samme igen
1712947,Baraduke
1399113,Munchkin and My Girls
808484,(2004-10-15)
398136,(1991-04-30)
1974271,Il continente di ghiaccio
1538756,A lo mejor
1478911,Today
822236,The Grim Reaper
369518,(#1.58)
608004,Bruno Bettelheim: A Sense of Surviving
580012,She Oooo'd Herself
1610888,Ask J-Dub
1727942,Big Tit Brotha Lovers 16
195650,(1998-12-13)
2492403,Wenn der Hahn kräht
928059,(#1.74)
507315,(#1.1)
1829027,Die hundertste Nacht
1565042,Fireworks
2387672,The Living Bible: Last Journey to Jerusalem
1151122,(#5.2)
1949025,Hier irrt Schiller
1861517,El paraíso
829839,Mazâzu ando chirudoren
1483900,Der geheime Knallfrosch
1527532,(#16.57)
1782403,Collision Course
27398,(#35.24)
1584647,Nutzlose Reise
1352237,A Visit with Sophia Linkletter
488020,"Winging It/Alone at Last, Dahling"
263164,(2005-04-16)
1102512,(#4.5)
597094,The Nativity Story/Deck the Halls/The Fountain
2121259,"Mirisi, zlato i tamjan"
470284,Claire Danes/Jordan Knight
1088099,"Quebec City, QC"
2519216,Zhestkoe vremya
1443314,(#3.6)
990095,Knitting Needles
2329996,Tailor Made: Chinatown's Last Tailors
1589167,Covert Aggression in Netball
461137,Heimgezahlt!
2156693,No Holds Bard
310920,(#1.991)
781164,(#2.48)
1369497,I Found a Naked Girl in Your Closet... Did You Cheat?
361470,Pod's Travels
258179,Como el perro y el gato
26556,(#1.167)
2465864,Une fille cousue de fil blanc
395239,(2012-03-08)
2111869,Mela
707946,(#1.119)
2263194,Satilmis adam
728745,Machines Désirantes
1312596,Jewel
1170020,Snuf de hond: Vliegende Volckert deel 1
189836,Resolute Bay
984739,A Visit to the Theatre
1150856,Pengin-san no shuraba/Aidoru yama Arashi
1327716,(#8.7)
1601202,(#4.6)
2400735,The Passionate Friends
580367,(1962-07-27)
850419,International Edition
58231,(1999-01-06)
1653668,A Moving Movie Show
1192898,(#1.3)
271308,(#1.2633)
225871,Pudd'n Head Boyd
1667797,Afrika I. - Z Maroka na Kilimandzaro
934457,(1990-01-17)
2201348,"Pianese Nunzio, 14 anni a maggio"
1079441,The Hound
2324633,Suzanne Westenhoefer: A Bottom on Top
944152,Hot Pot
306841,(#1.13)
1398370,The Gold Napoleon
2471693,V tumane
2339348,Terrible Things: Big Flats Beer Since 1901 Review
129954,(#2.8)
2374489,The Great Bargain Sale
1376696,Dance/Inventions
1819482,Der Löwe von Venedig
1353273,(2006-04-19)
995143,The Camel
879274,The Attack of the Small Screens: 1950-1960
614492,Curacao Calling
1909696,Galeria de arte mexicano
1195762,Toilet Troubles
1929060,"Gros mots, petits sabots"
1535362,(#1.54)
1152094,(#15.62)
743573,(2005-11-02)
401931,(2012-10-09)
557791,The Whisper
1838226,Dogs and Philosophers
868009,Norman's Conquest
681648,(#1.8)
2288661,Simone Barbès ou la vertu
571065,The Revenger
2033000,L'entourloupe
1238860,(1963-08-06)
1208423,(2012-12-05)
1817622,Der Bärenhäuter
1028126,Air Time
820277,Kidnapée
895341,"Olivia, Jenny and Sheryl Stay in One Roof"
1445979,(#2.99)
2072658,Licenza premio
1947929,Het rijexamen
150797,Allanamientos
338487,Ende der Schonzeit
1836379,Diário de Uma Prostituta
1792525,Creating Life from a Dead Leaf
1220390,A Shock to the System
1065192,Houses: Brick
627254,A Tree Story
2438762,To agori troei to fagito tou pouliou
1492299,(2005-09-29)
1944933,Hemingway's Ghost
67749,(#1.14)
849818,(#1.1)
803854,(1976-03-08)
80751,(#1.46)
1649340,A Gasoline Engagement
633003,Kamen shonen no shotai!
1911120,Ganryujima zenya
2289743,Single White Farmer
860816,(2005-10-04)
1449738,(#2.16)
696105,Gezora dai sakusen: Kôhen
1982221,In Treue stark
913337,(#1.3)
2130111,Mosta'jer
2053203,Larutanatural
121317,Strange Relations
925834,(#1.6095)
1321588,Bonus Episode
1072405,Press Play
620554,(1997-02-24)
799241,Mala suerte
1476704,Internet Privacy
1857609,El baile de la iguana
2261842,Santo Diablo!
1454054,(#1.6956)
1992023,It's in the Air
1576735,(#2.187)
2048133,La sécurité est un combat
2261705,Santa's Cool Holiday Film Festival
808926,(2008-04-04)
2309667,Stalling
474474,The Monkey Business Mystery
1652889,A Menina da Rádio
1648743,A Fish Story
14642,Pirates of the Caribbean 3
2060968,Le petit poucet
2477937,Victim & Victor
2510979,Yara
748619,Los padres del bebé
1206767,Strikeforce Challengers 6
799902,Maricopa County Jail: Extended Stay - Daddy's Girl
1534507,(#1.30)
2493504,Whack Attack 6
762395,(2008-01-14)
2991,Getting a Rise from the Dead
247532,(2006-07-05)
1849811,Dvoynaya sploshnaya. Lyubov
1544586,"90210, Melrose & More"
521488,(#4.6)
1036801,That Darned Kid!
1233719,(#5.87)
1438533,Flight from the Swordfish
172984,Harriet Washington
2130230,Moth
1297211,The Building
1256425,Telekids
2055886,Laura Panic
1572605,(#2.5)
1838999,Dom
333910,(#1.196)
699619,Uusia tuulia
2495934,When My Child Is Born
219809,Zombie Master
388016,The Usual Suspects
1108123,Alimentos que cuidan tus arterias
2490958,Web of Lies
1435984,(#5.51)
1309670,(2007-05-11)
2378316,The Honeymooners Anniversary Special
2324237,Sushnjakovo-2004
125049,Jagd auf die Jäger
2155261,Ningen no jôken
2315306,Stranded
2173940,On the Outs
1224756,(1974-02-04)
2280608,She Waits
1312061,Denis Leary
1679742,Amateur Big Boobs #2
224966,(2003-11-17)
2106642,Mat Attack
2474208,Vasko Karatza
2360938,The Day I Became a Man
741817,(2000-02-10)
872773,(2011-11-20)
1186928,Der Baum
1692401,Apoleies
716446,"Knowing Me, Knowing You with Alan Partridge"
672772,(#27.200)
1655858,A Railroad Lochinvar
2094273,Mademoiselle Gigi
1904150,Frihto keno
63555,(2000-02-24)
1609527,Keys to Balance
390234,Del 10
1517583,Delo reportjora
2422718,The Understanding Angel
1235613,Ta tetragona ton asteron
1339231,(#1.12794)
2260500,Sanbiki no mesubachi
687435,(2011-03-21)
2385,A Shot in the Dark
1212725,(2011-07-25)
1682359,Amor eterno
1883479,Fantasy Writer
1024340,(#5.55)
2349650,The Big O in Britain
1911525,"Gargouille de charme - Daniel Emilfork, contre les apparences"
45160,(2012-11-21)
280319,(#20.51)
1985558,Inside 'Harsh Realm'
184586,Dry Rot
1999223,Jerusalem: An Occupation Set in Stone?
938490,(#1.10)
1164645,(2011-12-09)
958700,(#1.16)
2339026,Termination of Employment
2166781,O Tapete Voador
2338606,Tentang dia
24751,(2004-11-12)
843802,Giving Thanks
2026111,Kosu
1699960,Astro Boy
1416613,Mobile
1427518,The Time of Your Life
1446162,(2010-07-21)
1314491,Darkness
1049328,Psifiaki Ellada
2018169,Kicking & Screaming: Behind the Net - The Making of 'Kicking & Screaming'
1298972,Just Weaseled
2020845,Kingdom of the Wild
1782450,Colomba
1195622,Tabun und grüne Steine
208576,Le remède miracle
1471072,Free Ride
761627,(2003-05-23)
436185,El color de la tierra
999803,Szeretetszolgálat
719301,(#1.13)
2071735,Level 26: Dark Revelations
1432546,(#19.89)
773809,My Brother's Girl
725550,(#1.1)
41019,Jeremy
1482945,Tokusou sentai Dekarenjâ
670117,Dr. Ziegler's Casebook
733477,(2004-03-08)
1651812,A Little Christmas
2002918,Johnny Moz and the Go Construct
1692024,Apartment 15
2071318,Letsgo hippie
1198648,Gillie Potter
863586,(#1.265)
958796,Razor Sharpe
2181430,Osuofia and the Wise Men 2
1160566,Sins of the City
449728,(1996-02-16)
2506243,Working It Out
1769334,Checking Charlie's Child
1916800,Ghosts of the Abyss
1241975,(#1.1)
918674,(2012-03-03)
1440626,Who Are the Spies?
864263,Ang parusa ng duwende
2000062,Jhutha Sach
358138,...und ihre Sorgen
2285294,Shuang zhuo
1798995,Da can quan
1597077,(2008-02-08)
1248418,Uncle Ted Whacks New Brunswick
734010,17º Concierto
2393423,The Merry Wives of Windsor
1598371,Israel's Other War
1269899,The Addams Family and the Spaceman
32820,(2012-09-15)
1961144,How Mabel Caught a Man
2422913,The Ungrateful Land: Roch Carrier Remembers Ste-Justine
1893421,Fix
685573,Garrett vs. Heidelberg
944775,No Limite
1439018,Scandal at Peppernut
362600,Running for Her Life
1918099,Gipnotizer
2177232,Only the Best Teen
626942,Harald Krassnitzer
1583072,(#1.1)
1375467,(#1.5)
1674758,Alien Taxidermy
2270449,Secrets
2166807,O telefteos pirasmos tou Mitsou
523907,GFL Presents: Real Fights
302705,(#1.16)
1537992,The Sugar Man
2056540,Le 17 Juillet 1994 entre 22 et 23h
2528245,I'm No Fool with Electricity
1879916,Ezhuthapurangal
230565,(#4.47)
284701,(#7.19)
915293,Closest Cut in History
1000723,(#1.1554)
120644,Object D'Arthur
1812897,Death on Saturn's Moon
1503707,Burning Man
1294565,(#1.6471)
468763,(#4.15)
1554214,(2008-07-01)
416618,(1990-07-17)
1466195,(#1.10)
60868,Allez la Saussouze!
155354,Boyfriend
999645,(2013-01-11)
200090,(#1.172)
2435183,"Tianguis, ratas de la ciudad"
1577003,(#3.77)
1331544,Flaming Souffle
5502,1948 World Series
1192186,(2005-04-09)
421734,(2001-06-01)
1062025,Racing a Champ Car at 500 MPH
145624,Rosie All the Way
2293329,Slayers of Darkness
1162534,(2010-06-23)
457397,(1998-09-14)
581863,Big Baby Turtles
2290292,Sir çocuklari
1853167,Eddie King
1405581,You Get to Be There Having All Your Fun
682203,(2011-06-29)
1250525,(1997-07-29)
793835,(#25.61)
594311,(#1.2869)
1143169,(#1.16)
1057791,(1981-04-02)
1286296,Dog Eat Dog
117036,(1994-02-23)
1567910,Bliss
1472816,Best of Buster Day
1641463,41st Annual Country Music Association Awards
1376649,(2008-10-01)
1911533,Gargoyle's Quest II
1034666,(2008-02-08)
1984107,Infierno en la frontera
2092764,Mac N' Cheese
1762442,Cast Up by the Sea
2121783,Miskais ateina ruduo
1319950,(#1.11)
42262,Adventures in Wonderland
1460870,The Bachelors
1945295,Henry Wadsworth Longfellow
956090,Chris Brown
1378913,Arctic Meltdown: The Arctic Passages
426579,(2006-12-12)
394095,(2001-06-14)
674061,(#7.169)
40220,(#1.3)
2330917,Taking a Stand
1695795,Arrival of Major Marchand from the Soudan
112646,Un fil à la patte
2384477,The Last Ha Ha
303070,(#6.129)
2222925,Pump It Up: The Warrior's Path
1099086,(#1.7)
1256589,(#3.3)
1095645,(#16.1)
1328373,A Matter of Insurance
1124397,Alec Baldwin/P.O.D.
2194933,Pay to Play
962220,Lefkes nyhtes: Part 1
2396286,The Myth of Space
2120898,Miracle
1947249,Heroin
349365,Der beste Ort der Welt
1495516,(2002-10-28)
2230083,Raggidy End
819782,(2007-06-28)
647968,(1994-08-20)
1545594,Survival of the Hottest
673947,(#6.57)
101358,(#14.15)
1158894,Thai Curry Paste/Buttermilk
1170257,(#6.1)
626895,Les Chasseval 1902
1847462,Drôles d'oiseaux
2272714,Selves and Others: A Portrait of Edward Said
1511707,The Patter of Tiny Feet
91857,Myrtle Beach: Hour 3
1954019,Hold Up
295025,(2005-06-14)
1328538,(2013-05-02)
510804,The Hound of Ulster
105801,(2006-07-07)
375545,(#1.87)
40432,Sleepwalker
326198,Enrique Iglesias
2338171,Tenchi no Mon
1148243,(2012-06-23)
2407034,The Regimental Ball
1870974,Equal Abilities
380973,Preventive Medicine
1835846,Dive Bomber: Keep 'Em in the Air
2053430,Las d'Aida
660845,A Question of Happiness #4: Fred
2156156,No
2239111,Rendez-vous: 10 h 30
1189739,Who Do You Trust?
1351890,(#2.13)
1295727,Friendly Enemy
883361,Unwelcome Ghost
2500652,Wilczy bilet
1220018,Down in the Forest
1875483,Eurotica 13
1370281,"Wanna Play Laser Tag, Bro?"
470282,Cameron Diaz/Luke Perry
1648982,A Forest Returns: The Success Story of Ohio's Only National Forest
255187,Kurt Metzger
1207448,Strutter
159963,(#1.11)
684371,Joulukalenteri
1705215,Awure eni
1297780,Gunpowder
984038,State of Denial
1426730,(#2.35)
937372,(1998-08-27)
2245066,Rise
1222953,(1968-02-26)
1726927,Big Break All-Star Challenge
960628,Tanghi Agentini/One Lovely Umbrella Seeks Companion
1566790,Wine and Cheese Party Pooper/You Got Me Evicted
426545,(2006-10-20)
2143419,Nagasaki eizou no shougen: Yomigaeru 115-mai no nega
826289,Blind Date
989083,The Halcion Nightmare
244229,(2012-03-16)
2180996,Oscar y Alessandra
297652,The Shock of the Nude: Manet's Olympia
1380565,(#2.19)
511663,(#2.2)
777380,(#1.4)
1872420,Es liegt was in der Luft
326678,(#8.5)
671409,(#12.188)
2174432,Onan
2300618,Sommersturm
534478,Aflevering 4261
1004586,(#3.41)
100557,Arròs sense delícies
972701,(2012-07-29)
1911107,Ganjasaurus Rex
234383,Stuck
1887497,Ferdinand Magellan: The Presidential Pullman
1474077,(2009-01-03)
345586,(#1.82)
1308937,The Winter Rush
243639,Escape to Beer Mountain: A Rope of Sand
1721430,Ben Johnson: Drugs and the Quest for Gold
2325182,Swallow
2432231,This Life of Mine The Leon T. Garr Story
1009653,Performance the Science and Technology of Sports
968755,(2006-11-29)
1108227,Comer sin problemas
1452353,"Live Season Finale, Part 2"
923896,(#1.3712)
1398364,Powerswitch
591200,Souboj I
1737345,Blueberry
1823253,Desperate Plains
2456434,Two Lips in Holland
105803,(2006-07-12)
1741724,Borneo Pottery
1849893,DWW: Fighting for Our Friends
2416809,The Stowaway
1282754,Jethro Takes Love Lessons
1214721,(#1.1)
2136625,Mute Love
1674685,Alien from L.A.
1570067,"Charts, Clips und Kommerz"
2336616,Teeny Exzesse 7 - Teeny-Gören
1656077,A Remarkable Group of Trained Animals
2362925,The Dinner Party
373466,The Cold Light of Day
917976,SSN-571
2524096,Æ
574784,Super Staph
1348292,Panic Wagon
1895373,Flower Planet
318901,(#1.11189)
957745,(#1.4)
618263,Games Unboxed
1413721,The Magnificent Moose
2490942,Web Feet
1923233,Golden Pathway
1756108,Call of Dudy: Bohemian Bagpipes Across Borders
801680,(#8.4)
377830,Don't Look Now
752528,My Hall and His Oates
1019780,Nueva York en Navidad con Anabel Alonso
2300191,Something Left
128832,(2000-03-07)
495907,(#1.87)
1926956,Grandpa Isn't Fine
616292,Thanks to Minnie
1681134,American Harvest
1846431,Dripping Wet Sex 8
2432146,This Is Umberto.
2021987,Kissing Strangers
1477438,(#16.34)
2304534,Spanking Academy of Dr Blunt
1125452,Au nom du père
1353886,(2012-06-16)
464629,Childhood's End
1154030,(2007-09-03)
1110347,(2003-11-24)
342843,(#1.106)
1713240,Barbie Princess Bride
1241143,(#1.141)
705418,Sekssomnia
652689,Second Time Around
2349440,The Big Confession
736608,Entre dos mujeres
105888,After Midnight
509264,Mexico Set: Part 1
1908130,Fwd: Update on My Life
1428233,(1968-02-15)
435469,(1995-10-24)
738926,La famille Anodin
890198,Take a Trip Through the 'Badlands'!
1331620,The French Jelly Roll
1247168,Take the Money and Run
753013,Landmenü mit Streichelzoo
2144605,Nancy & Lee in Las Vegas
377733,(#2.1)
2011004,Kalule
1535413,(2005-06-07)
2178726,Operation Sky
1545800,La casa o la vida
23104,The Other Side of the Hill
151806,(#1.16)
597364,(1999-04-26)
1961266,How Sherlock Changed the World
2053434,Las de Barranco
1314944,(#2.52)
1461512,(2004-03-12)
1644497,A Bind for Two
1265515,Running with Scissors
1774296,Christmas in America
1460617,Leslie Mitchell
1115983,Jenni ja Katja tahtovat pitää Tonista kiinni
1103703,(#1.115)
2447386,Transition
166529,Jet Trail
206274,"Sakura, Kero, Shaoran and..."
1692743,Apple on a Tree
1089803,Badunkadunk
169011,No Sale
957632,(#1.4)
956215,(#4.15)
1575428,(1980-08-05)
544241,Home Alone
1007338,(1994-06-15)
337853,Kokuhaku wa haran no makuake!
378148,(#3.1)
2439398,To Live Is to Die
1931824,Guy Guy: The Beginning
1753729,BZN: A Symphonic Night
2310874,Stariki-razboyniki
1690604,Ansigt til ansigt
571554,(#2.6)
824788,(2012-05-17)
103872,(#1.13054)
1009916,Weapon of Choice
748680,El regreso
1190737,Babs uit vakantie
2485413,Waffles
214244,(2012-03-30)
869380,(2013-02-25)
559146,The Total Package
397064,(#1.2)
1549437,(2011-02-14)
168671,Pai-Papi and the Wing Master
2046803,La rival
196973,Old-Fashioned Harvest
528531,Shisutâzu atakku!
1174754,Lifelines
898727,(#1.221)
1194169,(2012-12-13)
31961,(#1.1)
2114203,Meri Asha
544271,(1994-11-02)
1495294,(2001-10-21)
2200076,Petsamon vesiltä
715303,(#4.9)
1315895,(1966-01-27)
933428,Minnesota Vikings vs. Indianapolis Colts
362909,Waxy Build-Up
1315568,The Dawson Watch
1186168,Het schrijfboekje van Katou is gestolen!
272630,(#1.3823)
747024,(#1.409)
504142,Ring of Friendship
1419487,Six Is a Crowd
156896,Birthday Suits
2343891,The After
2183441,Out of the Past
1727181,Big Chief Koko
289423,Juan Allayo/Dean Young Homicide
1583472,(#1.5)
2477109,Vesyolaya karusel N 7
1640193,3 Lub Tooj Npab
1698896,Aspettando il sole
2475024,Velgardha
716830,(#2.1)
1088641,Easy on the Fuel
1040926,(2013-01-25)
2281892,Shi po tian jian
986679,Schmuggelware im Zoo
2416188,The Stick Up
1159642,(1962-10-05)
1412529,"Exploring Music: Technology, Trumpets and Tunes"
2497569,Whirlwind
645480,(1999-04-13)
763937,(2003-01-17)
2378279,The Honeymoon at Niagara Falls
395868,(2004-08-21)
565138,Bill's Back
481413,The Traitor
1865151,Ellen
511729,(#1.9)
264864,(#1.4)
1750111,Bukkake 2: Cum Splash
1835226,Disney Channel Party
1230969,Návrat - 1918
547680,(#18.18)
919955,(2007-05-04)
1359572,(#7.74)
39049,"ActorsE Chat with Aaron M. Sanchez, Kelly V. Dolan, and Brett Walkow"
1750368,Bullethead
1640116,3 Dumb Clucks
917261,"Naturally, Sadie"
2509470,XIX premios Goya
1644237,A Barge and Its Wind
1997857,Jean Olivier Hucleux: Du travail à l'oeuvre
202217,(#1.16)
522407,(#4.6)
1857856,El Burro
1057188,(#1.85)
1033278,"Workshop 2. ""The Look"""
190378,Square One
1853777,Edward
65777,(2011-01-03)
1864393,Elektronna grafika
2453616,Tulácká pohádka
1460194,T.E.B. Clarke
594720,(#1.3268)
2379206,The Human Voice
1614288,(#1.5)
1080772,Will Agnes Accept Henry's Proposal?
157193,The Letter
1930404,Gui zhan
68809,Bum Fights/Paranormal Activity
635513,(#1.4)
2385567,The Law Demands
305434,(1982-09-11)
2189145,Paper Dolls
555583,(#2.1)
386582,DragonflyTV
1179378,(#1.33)
186656,Pilot
1605104,(2000-06-26)
2229259,Rachel Ryan RR
1242410,"Isä, poika ja paha henki - osa 2"
1238743,(2006-06-27)
309495,Incorrect Dosage
2414240,The Smurfs
793988,(1992-03-25)
187409,(2010-03-11)
212405,Joy Ride
2301495,Soninha Toda Pura
2185323,P.S. - Post Scriptum
1833742,Dios es Argentino
2372829,The Girl Who Ate Christmas
1399918,(#1.2)
453051,(#1.8)
1440387,Pomp and Circuitry
1830918,Die Senkrechtstarter
1148440,Breaking and Entering
2434723,Thunderballs
478144,Field Trip
2114336,Mermaids
777865,When Lupin Steps Into Action
2100504,Mandorla
489710,Palm Saturday
302051,Brüderchen komm tanz mit mir
481376,The Lady Wears a Star
1026174,Jak Kremílek a Vochomurka meli hodiny se zlou kukackou
308640,(#1.16)
1184461,Organico
1152191,(#16.184)
1467087,(#13.70)
196190,Heartbeat
916955,(#1.33)
1883647,Far North
1678822,Always a Bride
2350562,The Black Smallpox Scare
635340,(#1.7)
3584,À qui appartient le temps!
1699844,Astaire and Rogers: Partners in Rhythm
1241363,(#1.60)
1918057,Giovanni Episcopo
259878,(1996-12-05)
1102068,RuPaul Roast
839000,(2006-06-05)
1199870,(#3.4)
1404051,(#1.4)
927948,(#1.13)
590602,Kizuna
563993,(2013-03-27)
672804,(#27.27)
1671375,Akandun
669466,Clemens' Armband
1263330,"A Tale of Two Laurens, Lake Arrowhead State Park, an Ocean Oasis"
277290,(#1.8021)
1232952,(2007-05-22)
2230353,Rail Around Queensland: Steaming Up the North Coast
563751,(2012-04-09)
2068621,Les noces de Viardot
1066144,(2006-06-12)
2150711,Never Too Late
1085543,(#4.5)
1406256,London
215183,(2010-04-12)
900884,Imperfect Strangers
2376685,The Haunting Eye
1983302,Indian Cowboy
1165241,England vs West Indies: 1st N. Power Test Match - Day 1
210709,(2011-04-15)
1180496,"Business, Man"
858948,(1949-09-23)
991231,"Now That Cassandra Has Ruined Meagan, Yanie Is Next on Her List"
442956,Grenzreise - Eine Wanderung durch verträumte Dörfer
275954,(#1.6816)
1459772,(#1.1)
1039413,Diabetes en adultos
57292,(#1.9375)
1413694,The Sam Henry Kass Show
784526,(2005-02-21)
749722,(2005-11-30)
1645328,A Cartomante
721067,The Worried Songbirds
2298911,Soledad y Larguirucho
1649282,A Game Gambler
1524753,Plus One
347464,(#1.24)
2412026,The Sex Spirit
662806,Ja Gerrit nee Gerrit
2487877,War Relief
378514,The Thing
838448,La meva família
191859,(#8.1)
1521694,Noticia sorprendente
2389318,The Luckiest Man
1905742,Frühreifen-Report
2189557,Para armar un helicóptero
989429,Daietto Shindoromu/Hai Sukuru Nudikaru
385663,Tien Goes All Out!!
1093052,(#1.2)
246397,(2000-07-29)
212978,Cop de cap
2083374,Los extraños del Camino Inca
1923532,Golhaye gilan
1815671,DeMarco Affairs
2077496,Little Light
2362322,The Devil in the Fog
512022,Darth Side of the Moon
1081083,Arctic Spill
563247,(2009-12-18)
1898776,Forever Young
1478988,(1966-02-02)
1338710,The Memory Gland
410179,(#7.68)
1424496,(2001-07-15)
85017,(#1.192)
1131919,ScrewUp TV
1118951,Avec Valérie Lemercier
475702,Alaska
200495,Age Factor
354209,(2005-03-18)
1909704,Galería de arte
1575586,(#1.158)
2265385,Scene No. 7
2193438,Pastoral
255342,(#1.21)
299140,Cvrcek a houslicky
1883655,Far Out Isn't Far Enough: The Tomi Ungerer Story
1494532,La télévision des Malaisiens
240435,E-Breakup
2271995,"Seine Hoheit, der Eintänzer"
303184,(#6.231)
1244720,(2004-11-09)
566209,(#1.4)
1669076,Agency
1339811,(#1.15213)
1329523,The Twilight Stone/The Terror Within/Day of the Villains
260983,Tea with Major Armstrong
2311685,Statsministerens nytårstale
1348962,Main Street Shelter
209186,Un golpe bajo
353676,Show #996 - Nathalie in Paris
111728,(2011-10-03)
1166762,(#4.2)
1880888,Faded Love
578390,Loving Silent Tears with Host Yi Tian
816013,Lydia's Perfect Man
1375222,(#2.49)
1382178,(#14.134)
471590,(#1.26)
2236245,Red Riding Hood
1323023,(2011-09-20)
2119927,Minas-Texas
1418194,Principal Charming
947427,(2001-02-23)
2309566,Stalinin sylissä
2073316,Lies and the Wives We Tell Them To
1273505,(1981-02-07)
1818442,Der glitzernde Fluch
2450986,Trolley Dances
1801534,Dance
2027818,Kubra Ashiq
630790,(#10.19)
115879,(#1.37)
2093939,Made
2032073,L'armadietto cinese
1665857,Adela despierta despierta
1259728,Tengo 20 años
1327232,The Silent Partner
1636000,1327
2396959,The New Cinema
1041365,Niels Erik Folmann
1748603,Brændt a'
1584105,Perfect
1455662,(#1.9082)
401019,(2008-04-18)
2489807,Way Out West
2248528,Rogério Duprat - Vida de Músico
2507209,WrestleMania VII
2199119,Perverted Planet 3
2359608,The Crown Prince's Double
1734694,Blind Tiger
159057,Frank Serpico: Honor Bound
698499,(2004-09-05)
1408955,The Right Not to Know
932769,(#4.44)
1720578,Belief
2451695,Trudy
1970122,I Wish You Love
2145295,Narcossist
63253,(1998-11-27)
2041796,La imitación del ángel
2167354,Oaxacan Hoops
789192,Mama...?
1248121,Judas
1895879,Flying Fifty-Five
1344980,(#1.10)
515074,(#1.11884)
2393159,The Meeting short film
1634156,"...schwierig, sich zu verloben"
2265045,Scarecrow
269558,(#1.1054)
2417181,The Strip
669869,The Model Man
838265,No Nose is Good Nose
362467,The Facts
1977114,Ilka
2429651,Their Fatal Bumping
1600639,(1998-04-09)
1188780,Sperling
959770,(1997-06-27)
1572525,Billy Bob Thornton
1054508,Propping Up Pisa
757436,Sea Serpent
590384,(#1.2)
1689542,Anna Malle Betrayed
1248098,¿La matas tu o la mato yo?
191163,Didi & Remi
1940973,He Could Not Lose Her
1421239,Party Mania Review
1754584,Caballo prieto afamado
2131854,Moya ulitsa
1008430,People's Platform
1782441,Cologne
1798299,Czerwone i zielone
2372232,The Gift
1946723,Here's to Love!
1299783,(1994-10-06)
2392751,The Matadors
2007714,"Just One Big Mess: The Halifax Explosion, 1917"
12638,4 op 4
585678,(#1.13)
2179101,Optimisti
883459,(#1.15)
1666254,Administratorul de bloc
342068,Am Abgrund
1220678,Amanda's Shining Moment
1200527,Pirates/Signs of Spring
1190464,(#1.7)
1359951,(#9.4)
2438304,Titlee
1953808,Hokkaidô rensa satsujin: Ohôtsuku ni kiyu
1835867,Diver-sions
1975164,Il maresciallo d'alloggio
1595150,(2000-06-20)
1080297,Det sidste bjerg
1937850,Hard Head 2
850212,Sacrifices
2248238,Rodeo Romeo
291022,"They Move Mammoths, Don't They?"
1229672,Swiep staat voor aap
461907,Playground Poltergeist/Alien Intruder
895318,Niko Makes Sure That Sheryl Will Still Believe in Love
1568559,Teenager's Modern Bedroom Makeover
1128246,Von Schwäbisch Hall nach Stuttgart
1602220,(2009-09-03)
502273,(#2.16)
114946,Top 9 Performance Show: Birth Year
687505,(2011-09-22)
2052762,Lanza tus penas al viento
221322,(#1.145)
396361,"Jay Bernstein, Starmaker"
2039492,La Educanda di Sorrento
103388,(#1.10004)
2000679,Jim's Atonement
2322936,Superpride
1757792,Canada: Animal Vaccine
1123815,(2012-11-18)
271774,(#1.3052)
1648988,A Forgotten Average Man
2120962,Miracle of the White Stallions
37472,Big Red Squig
776948,Faux départ
2246007,Road Demon
776443,La dèche
1317302,(#1.1)
1624541,An Eye for an Eye
406534,Sylvesterpunsch
1357369,(#1.4)
451447,(2000-12-17)
248402,"John Rich, Danny Bonaduce, Mark Martin"
1858302,El Cid
2510374,Yajikita Toba Fushimi no maki
1362477,Enter Sandman
156660,Pocket Watch Full of Miracles
972421,(2009-12-22)
1268861,Shaun Alexander/Dale Lindstrom
511105,Gary Lowers the Bar
322167,(#1.9336)
314910,(1993-01-28)
319646,(#1.11860)
2429024,The Year Britain Froze
2412200,The Shadows Company
1771268,Chico Ramos
637525,Deai Part 6
1168377,(2004-11-07)
1390220,Teen Witch
2105316,Marvel Super Heroes vs. Street Fighter
1007787,Happy Holidays
360575,(1986-08-25)
113131,Alle hundert Jahre
2480190,Violent Will Smith
10154,Hot/Cold: Heat and Work
1680905,American Cop
1779333,Clive of India
807384,(1998-04-28)
2240334,Resistere!
21354,I'll Cry If I Want To: Part 2
479676,Please Stop Finding Footage
2209470,Polidor maestro di ballo
298256,Keep Out Cows/Curious George and the Missing Piece
164462,(#2.63)
623786,The Beach Boy
969814,The Traveling Salesperson
870924,Min patate to prasino
489989,(#6.1)
43421,(2009-09-17)
1089248,RC 50
1443121,The Acts
381391,No More Emergency Fund
1484672,Ushina oneta Tonpact
1869485,Enkel Vlees
389551,(#1.2)
2164482,O Adorável Mentiroso
969687,Grecian Yearn
223974,The Eyes Have It
1483328,Tokyo niwatsuki ikkodate
324531,De oma van Ome Willem
1069476,The Devil and the Deep Blue
367226,There Goes the Neighbourhood
914840,Darlington
1662363,Abbey's Road
1666676,Advance Australia
1982158,In Till the Night
2439786,To spiti me tis elies
727002,Ghost in the Machine
1197921,(#1.18)
853245,Television: Developing a Hit
1677765,"Alms, You Say"
1815677,Demasiado humano
1183066,L'impossible pardon
2003843,Joseph the Ruler
2436332,Tijd voor show: Eurosong
2420408,The Tomorrow Man
581902,The Bronze Giant
475639,(#1.7)
344748,The Kid
2513699,You Are a Genius
2428027,The Wonderful World of Roald Dahl
1174146,Gefrorenes Blut
1731471,Black Agent: Episode 1 - The Collector
996056,Stand by Me
340587,November
627536,L'amico immaginario
2306685,Spitting Game: The College Hook Up Culture
1564278,(#1.6)
2039380,La ducasse de Mons
1601708,(#1.15)
2303063,Sound of Silence
1445275,Matter of Degree
314058,(2008-06-26)
1400897,36 Hours
1144355,Calyn
485527,(#2.12)
1025451,"A Cold, Cruel World"
1090249,He's Gotta Have It
117947,(#1.1395)
2206351,Playboy: Erotic Fantasies III
2125923,Mommie Dearest
812413,Verhängnisvoller Gig
827938,(2005-10-14)
2150755,Neverland
2427336,The Winning of Sally Temple
888313,Motive TV
1328875,"Yes, But Who Am I?"
1669724,Ah Boys to Men
412347,(1987-06-24)
2337993,Ten Little Niggers
908635,(2001-03-03)
2449630,Trial Marriages
46558,(#1.19)
1300945,(2005-01-13)
1976591,Il terzo segreto di Fatima
1692380,Apogevma Kyriaki
1634948,100 dragspel och en flicka
437334,English Teachers
1573414,"$200,000"
1438922,Baseball Blues
1582469,(#7.170)
274434,(#1.5448)
943367,Spoiled Fawn
2311789,Stay Alive
1632007,Bjarni Ben
1014955,(2011-05-27)
20067,Baby Bristol
464169,The Silent No the Damned
1920898,Glorious Betsy
1895656,Flushed
1674690,Alien Halloween
533252,Aflevering 1710
331582,The Resurrection of Deadwood Dick
905506,A Family's Desperate Search
1229622,Help een handje
342825,(1992-07-12)
1137647,Sôdatsu no Hate
1620748,(2007-08-15)
412323,El día por delante
1093410,(2007-01-15)
2464323,Uncommon Ground: Voices of Youth in America and South Africa
1491070,Toradora!
183116,(#3.8)
2103211,Maria's Petticoat Passions Vol. 1
401562,(2010-12-27)
663392,How Mel Got His Groove Back
2368801,The Final Winter
1404846,"I'm U.K., You're U.K."
2484208,"Vrchní, prchni!"
2223248,Punk Vacation
1566639,Honeymoon Redo
535806,Going Going Gone
135380,Prom 7: Handel's Water Music
1048098,Euro BMX
2064856,Legends
1568452,Douglases' Stylish New Kitchen
365638,(#3.4)
647660,(2006-12-01)
28000,(2010-12-29)
1365295,The Beeler Gang
2225454,På broen til frihed
1827894,Die Entfuhrung aus dem Serail
83517,Hollywood Horses
1126880,(2006-03-02)
1891692,Fire on the Mountain
664935,I Just Wanted My Burger
1593369,Nature
512518,Einzelnes
60978,(#11.7)
286455,California Continues Further
2232302,Rap Sucks
1516141,Bananas for Betty
1768722,Chasing Utopia: Episode 10 - Family Interrupted
1664497,Aci zafer
1186633,Verdwenen!
555210,(#1.3197)
2084045,Los rebeldes
1437842,Should I Stay?
2390041,The Magnets
876593,Die verzweifelte Tat
1913283,Gelatin Smile
1614128,The Darkness Within
1313704,Scott Patterson
1880512,Face/Dominic Christ
1400461,(#1.335)
726345,Kurôzu rain
1716628,"Be Cool, Very Cool"
128124,(#1.11)
558914,"Don't Die, My Burro"
982840,Back Yard Drainage
657615,Gasosa e Vinho
1978865,Imprint
2413515,The Sinner
1629151,(2000-08-22)
1289478,(#1.108)
1186778,Love Conquers All
1130972,Scots on the Box
827095,(2007-01-30)
971767,"She's My Sister, She's My Daughter"
149894,Bez rizika
37672,(2010-08-20)
1627993,(1996-05-23)
107668,Laatste avondmaal
1531197,I'm Lum-chan the Notorious/It's Raining Oil in Our Town
1286060,Born Again
2453473,Tukkijoella tapahtuu
1665387,Adaktepe
79288,Chinese Warfare
365133,(#3.4)
575106,Critical Overload
916434,Miraculous Machines
2081550,Lontano da qui
69881,1978 Pittsburgh Steelers
1004127,(#1.3)
2290067,Sins of the Flesh 2
1563837,(#5.20)
410458,(#3.11)
636454,Ilusões Perdidas
1575228,Affairs and Relations
2123416,Mit Haut und Haaren
1101783,(#1.7)
1064537,Sono ken wa nan no tame ni aru no desu
205436,Louwman Museum
339972,Duplicity - Gemeinsame Geheimsache
951089,Death Star
2203005,Pill Poppers
466643,(#1.4572)
1529508,(2007-08-15)
275531,(#1.6435)
1589516,Diana's Attack
1848646,Dulce hogar
1325179,(#2.9)
546697,The Pretty Good Mother
2504735,Wolfgang
2410271,The Savage Voyage
1246589,Aithiopia
537056,(2009-02-07)
996211,(#1.15)
1540417,(#1.3596)
845146,Pressure Test Elimination 6
20027,(2008-02-28)
1157158,Blogoslawiona katastrofa
1947957,Het Spaanse paard
1881596,Falato
686570,(2012-04-23)
717215,(#1.16)
1727129,Big Butt Latin Maids 1
1106477,Horis oikogeneia
2092120,M.V.P.
1998251,Jeevan Saathi
1178238,(#1.99)
2525383,Últimos sucesos sangrientos de Puebla y la llegada de Madero a esa ciudad
477695,Song: Nintendo Breakup
2119653,Mime Apples
662847,(#2.8)
178401,(2001-10-21)
559763,The Writings on the Wall
1890630,Finally Free
1566167,(2000-05-03)
2037849,La città del cinema
2091819,Lügen haben kurze Beine
1810207,De ratel
1956674,Honeymoon in Bali
2443235,Top on Television
282607,(#47.56)
281350,(#35.6)
1304488,Ambush
1211362,Eric Miller Murder
2421695,The True Story of Alexander the Great
2342534,The 52nd Annual Primetime Emmy Awards
870343,De skins i de bandes
229690,Double 'O Chipmunk
1549298,(2012-06-25)
554403,Kitty Caught
701148,Garden Party
445144,(2007-06-21)
2318064,Stumbling
1593060,Woman Is Power
2046036,La primera piedra del edificio de la exposición en puebla
2032873,L'enfant des terres blondes
1901569,Franz Kaim - Vom Klavierbauer zum Philharmoniker
1826736,Dick est un chien savant
844780,(#1.8)
773600,Happy; Healthy; Ready for School
1071516,The Paul Clemens Story
963580,Olivia's Good Luck
2001149,Jinholk soke pin cheongchun
2209234,Police
1376738,Cheap Shots
2525713,Cartoon College
296655,Cuckoo Land
2399893,The Outpost
1407475,"Dallas, TX"
1624459,(#1.7)
1845871,Drei Kriege - 1. Teil: Tauroggen
2272717,Selvigs Norgesfilm
97059,Calling All Customers
1540834,(#1.587)
2334556,Taxi for Two
1553866,(2006-12-04)
1060691,Pornotube/De padre a hijo
539345,The Bear
2479150,Vigilante
1000407,(#1.1064)
1203211,Hooray for Hollyweird
1246927,Suspicions
998026,(2005-01-03)
465034,Het alarmnet
1726328,Bicycle Made for Two
1648334,A Famous Male Impersonator
922013,(#1.1948)
312368,"Ein Wort, zehn Cent"
278568,Gulfhaven Vice: Part Deux
808154,(2002-09-23)
971407,(2011-06-27)
779073,Inquiétude
874918,The Legacy
2205164,Place Saint-Augustin
932237,Plastic Surgery/High-Speed Bicycles/Lemons/Ailing Whale
1477425,(#16.22)
1813649,Deck the Halls with Wacky Walls
1349266,Dinner Guest
1407194,Pantomime Concert
994318,(#4.4)
329845,Love Covers a Multitude of Sins
1791695,Cracks
343817,Heading Home
807847,(2001-02-02)
2485609,Waissman
674692,1991 College Championship Semifinal Game 3
2155468,Ninjutsu sannîn taro
1535211,(#1.90)
1395629,Zig Zag
487629,Lion King Cakes
2031556,L'amour de son prochain
2438844,To Be Heard
1781683,Coitus Interruptus
950784,(2005-09-21)
945517,(1995-06-05)
750397,(#1.13)
830771,Maisy
477568,(1970-07-05)
2420106,The Tightness Factor
2231948,Randu Pen Kuttikal
742730,(2006-01-11)
1186986,Speakeasy with Rob Delaney
2417525,The Suicide Note
233784,Charm School
999453,(2012-03-16)
2382319,The Keeper: The Legend of Omar Khayyam
1596946,(2007-07-27)
911955,On the Battle Front: Every Minute Is Important
782324,(2002-12-04)
919262,Denver Broncos vs. New England Patriots
1716772,Be Still
2499780,Why Planes Go Down
2308052,Spuk auf Schloß Kitay
920994,(#1.1001)
59869,Hail! Hail! Rock'n'Roll!: Rock and Roll
6671,Fune de hanasu
1816892,Dentro Annette
2465546,Undone
346619,(#1.3)
911752,(#2.53)
630267,Heather/Donna/Kim
628608,(#1.5)
613024,Love Potion No. 10
849250,(2004-06-09)
1654449,A Origem dos Andamentos
1177117,(#1.2)
942858,Trabajar no es lo mío
834135,The Triathlon
659937,(#20.2)
889691,Rick Baker: The Transformer
2333580,Tarkan güçlü kahraman
1514102,Punjena biologija
72388,American Chopper I: Jet Bike - Pilot 1
1813739,"Deconstructing Dad: The Music, Machines and Mystery of Raymond Scott"
79141,Guilty or Insane
1661776,Aamras: The Sweet Taste of Friendship
729805,Dos anys després
152412,(#13.67)
650325,(2012-11-06)
2002441,John Ferguson
1027658,Yosuga Collection! The Road to Becoming a Pokémon Stylist!!
866747,(1991-06-21)
1988091,Intocable: Hay Ojitos
2352010,The Boy
1643653,"9/11 Memorial from Ground Zero, 11th Anniversary"
190474,Burnout: The Ultimate Drag Race Challenge
251116,(#1.5)
62988,La marca en el ovillo
232940,Couples Cook
2090998,Luxury Liner
564635,Love Addiction & Music from the Heart
2142838,Nachtasyl
1173249,Die Insel
1711488,Baltic Sessions
2212955,Postaci
1096485,Duo d'enfer
1781474,Coffee Chronicles
1516044,(#1.16)
1050466,(#1.1)
811607,(#1.28)
160750,Saphir Dies! Wiseman's Trap
42421,Superman Week
2248307,Rodnik dlya zhazhdushchikh
600275,(#1.1928)
1561810,(#1.957)
2137349,My Best Friend: A Story of Human Animal Bonding
763673,(#1.763)
664157,Russian Folk Tales: Ivan's War-Horse
1876679,Everyone Thinks They're Special. Nobody Cares.
413002,(1998-07-01)
1794583,Cruise Control
470246,Fan Club
710675,Another Year
1262970,(#1.2)
511681,Homeless
1665834,Address Unknown
1961110,How It Works: Steam Train
2522055,Zwarte maandag
1932904,H52
2064406,Left Unsaid
1688434,Angry Birds Star Wars Cinematic Trailer
827786,(1988-04-13)
5808,Game 1
299458,"Farewell, My Sweet"
1848278,Duel of Tiger Range
116450,(#1.88)
1914001,Genitrix
457501,(1996-11-23)
1236547,(2008-03-03)
1154311,Road to Gold
1074307,(#1.1)
2374749,The Great Loss
43691,(2012-02-27)
2309256,Stag Candy
2312456,Stencil
1609905,(#1.1)
771375,(2010-04-27)
607514,Especial elecciones
1786667,Congrès
106161,Medical Crisis
18888,Sundays
1755505,Cal dous estraños
1578869,Pittsburgh 2
1953256,HLH Autumn Winter 2509BC
159146,Home Depot
380083,Frente a todos
1585175,Miguel
2055883,Laura nuda
1656638,A Scenario Editor's Dream
768992,Birthright
153451,(#1.46)
684274,Des cultures différentes
95671,(1995-10-06)
613919,(1986-03-03)
1052473,(#1.3)
1911331,Garbancito de la Mancha
432313,(#1.5519)
2524715,Évolu
912113,Celibacy
314707,Barnstormers/Arnold/Pineapple Sundae/The New Mascot/The Bad Actor/Shape Up or Ship Out
1470128,Tietjen auf Touren
1792029,Cravings
723551,(#1.103)
920547,Traci Bingham
952775,AWOL
1498453,Die Bewährungsprobe
2178440,Opera kino
1605914,(#3.230)
462478,(#18.85)
134412,(#9.281)
1940750,Haystack Horace
1977106,Ilk ask
1931595,Gust
1157334,(#6.10)
2259290,"Sam Simpkins, Sleuth"
6868,(1998-10-12)
1218779,The Spirit of Vegas
843167,Murder on Ice
872022,(#2.11)
756164,(2002-08-21)
1634168,...Sub clar de luna
2372522,The Girl from Alaska
410061,(#2.12)
1970195,I zoi mou oli ena tsigaro
1138776,Kyuranda kankô tetsudô
2279230,Shanghai Market
2027483,Krunisanje
133802,Shark's Cove
573047,Fame Can Be a Killer: The Making of 'Hollywoodland'
1342079,(2006-10-01)
1883516,Fantom kiler
719002,(#1.6)
2460312,UMMAH - Unter Freunden
1720643,"Believe Me, Xantippe"
2167450,Oben - Unten
2148461,Nee Ko Nja Cha
1319313,Celebrity Deaths: Can It Happen to You?
1762821,Casualties of Love
2465404,Undertow
729334,Abrechnung auf See
1805140,Das fidele Gefängnis
195485,(#15.4)
257290,Coming Out
27648,Carrie Fisher
2385063,The Last Shot
2421180,The Treasure of Captain Kidd
889570,The Bat People
137728,"Other Visits, Part One"
287199,High-Speed Photography
1351048,(2012-10-01)
127529,Enter Nuku Nuku! Keep the Peace on Earth!
1118677,For Ever and Ever and Ever and Ever
874947,Mission: SAS
83728,Talented Pets
1959250,Hot Rats
956582,(#1.49)
914123,Formation!
2136524,Musume kawaiya
1821417,Der Vogel
583546,(2012-11-16)
208245,(2007-10-06)
1640464,30 Bizarre Inventions
1196398,Star Cops
2337547,Temperamento romantico
793337,Tori Amos
1255199,(2005-08-31)
1770113,Cheri Taylor Is Tasty and Tight
65386,(#1.68)
1379564,Morticia's Favorite Charity
193947,(#1.8)
1879544,Eye Fucked Them All 2
1305091,(#3.6)
1405160,(#1.2)
520569,Race to NYC
965471,(2011-02-19)
496407,The Temp
553427,No Place Like Home
1265511,Mortimer
313331,(2002-11-12)
1800708,Dalai Lama: Discourse on the Heart Sutra
2023428,Know Thy Enemy
1539484,(#1.1413)
2496047,When Serials Were King
642205,Victor and Lindsay
1546856,Klimaet set fra en isflage
356148,Geschmacksverstärker
31841,Aa Megami no kokuhaku
1054558,The Long Night of the Lion
2058424,Le diciottenni
2207402,Pligomena neiata
871133,(#3.3)
580465,Lucy and Petula Clark
1059,Mühlentag 2008
2068944,Les pieds dans les nuages (et la tête dans la lune)
1585745,"See Ya Later, Investigator!"
1934281,Halaman Jethva
2419176,The Terror at Big Bear Lake: Thrillogy
1256639,(#4.37)
2444773,Touch the Sun: Devil's Hill
402353,Co-mingling
1217810,The Little Red Hen
1835036,Discuros Canelas
2168813,Odnazhdy letom
1878520,Expiration
501086,War and Peace in Panama
1174487,Kalte Pizza
496538,Assassins
2229091,Raccoon & Crawfish
850240,Extroyer Unmasked
1568749,(1978-09-24)
1969800,I Wanna Cum Inside Your Mom 21
1599753,Season 10
1324718,Butterfly Kiss
1990190,Isgüzar safar
86629,Another Life
1079048,Seifuku no ibu (Zenpen)
191872,(#9.18)
1678979,Alyas: Boy Life
1871001,Equalizers
894673,(#1.141)
370314,Loftus the Terrible
2192841,Passengers Boarding the Dunottar Castle
1717435,Beatmania IIDX 9th Style
603579,(#1.5538)
1052406,The Fun in Funeral
2018107,Kick Off
2025110,Konfirmanden
751861,(#1.83)
1068571,Princesa herida
1398557,(1976-11-17)
2178839,Operação Mamãe
738027,Résistance
399561,(2001-03-12)
1294491,(#1.6387)
17732,(1986-05-04)
1314462,Bruce Jones
2195749,Pedophile Huntress
1487545,(#2.4)
524354,(2013-02-13)
1525319,Sorority Girl
976568,Broederschap van het kompas
761795,(2004-07-04)
252957,Every Michael Bay Movie in Under a Minute
558875,(#1.8)
924033,(#1.3836)
123919,(#1.1)
843832,Fonehouse
176749,(#1.1)
19749,(#2.7)
1567127,Carbecue
246429,(2000-08-31)
2250370,Roots of Love
1716775,Be Still
2219323,Pro Reo
214236,(2012-03-21)
284046,(#58.72)
2463009,Una bella governante di colore
1500179,(#6.1)
571923,Percentage
1774600,Chrome SpecForce
2483749,Voting Room
293926,(1997-12-01)
2413763,The Skooks
334206,(#1.181)
1817012,Departure of the Liner 'Empress of India'
1581360,Who Dares Wins
644035,My Roommate is a Blond Gentleman
1831658,Die verflixte Liebe
2443002,Toothbrush
2449766,Tribute
1717400,Beating Traffic
1491586,(#2.1)
1766686,Championship Manager 2000/01
1409763,(2012-04-27)
942536,(#1.167)
426582,(2006-12-15)
1491151,Don. kihote no hatsukoi
407029,(#1.115)
1970531,I'm Gonna Stay That Way
1436773,Minister of Hate
1434931,(#2.14)
2198048,Perfecting Parkour
50331,El gemelo
890529,(#2.17)
13879,"Cook Once, Eat Twice"
2501611,Willatuk: The Legend of Seattle's Sea Serpent
1996901,Jashnn: The Music Within
565622,(#4.19)
1527769,(#8.11)
2316325,Stree
28017,Procedimentos Esotéricos
1895481,Floyd Patterson vs. George Chuvalo
1211686,Susan and the Professor
1977460,Ilya Muromets i Solovey-Razboynik
1184021,Toilet Paper
2002174,Johan på Snippen tar hem spelet
977898,An Apple a Day
555394,(#1.4063)
1685982,Anastasia: The Mystery of Anna
66033,(2012-11-09)
871355,High Drains Pilferer
1263564,Texhnophile
431761,(#1.4775)
793760,Steve Crisafulli Helps Cook Up Some Coconut Snapper with Thai Chili Garlic Sauce
153397,(2010-08-08)
2379264,The Hunchback of Notre Dame
1851328,E.M.A.
2272266,Sekjoeritie
1123610,(#20.1)
332708,(#1.121)
2227639,Quem É Ricardo?
1134977,(#1.34)
929007,Das Pferderennen
1569475,Fly Boy
1097867,(#2.3)
986148,Eduardo Noriega
1612630,(#1.5)
2443572,Torchy in High
947769,(#1.115)
2451789,"True Confessions (Evelyn, Myrna, & Margie)"
1253389,(1999-11-19)
987607,Strajk
2356234,The Christmas Eve Snowfall
1058119,(1991-04-18)
2366656,The External Dilemma
1670723,Air Raid: This Is Not a Drill
285441,Couples Therapy
1148566,Of Mice and Men
2201735,Pickled
2473383,Vanadzins
1476549,Beyond Motherhood
657346,(#1.4)
19038,(2012-05-12)
1754653,Cabeciblancos
1778529,"Claude Jutra - An Unfinished Story aka: Claude Jutra, portrait sur film"
1883741,Farce macabre
317641,(#1.10047)
236742,(2003-09-20)
2110119,Medal of Honor: Frontline
1531716,Haiti Transition Shelter
1950169,Hillbilly: The Real Story
298559,The First Call
25645,A Magazine
97741,(#1.7)
2415499,The Spirituals
1926312,Graffiti Verité 6: The Odyssey
513744,(#1.10137)
1491013,Majikaru horehore daisen
1797684,Cutey's Sister
78922,(#1.71)
794922,(2008-05-01)
1674967,Alison & Teresa Shagging
1089892,Slaughterhouse on the Prairie
322736,(#1.9850)
1883066,Fang Shih Yu yu Hu Hui Chien
419186,(2002-03-07)
1162157,(2008-06-04)
1633563,'T4' Goes 'Over the Hedge'
2482189,Vlast vítá
386080,Junior No More
767041,(2011-02-07)
1917132,Gibel Otrara
1513257,(2004-09-17)
1356294,(#2.12)
2177162,Only Kids
1502263,(#25.11)
1317611,(#1.3)
2043273,La maschera e il destino
1026201,Adumbrative Thaumaturgy
1234332,Red Shoulder
499431,(#1.23)
47181,Silver God
174410,Calile's Ghost
1323349,(1958-10-23)
450339,(#1.136)
2079546,Lo contrario al amor
2185948,Padlocked
789775,Miami Caliente vs. Philadelphia Passion
178149,The Family Affair
827718,(#4.8)
325497,Hoe of wat
616459,Payneful Divorce
461529,(2012-06-24)
1982047,In the Wee Small Hours
1508670,O Santo no Esquecimento
297264,(#1.71)
107606,De architect: Deel 1
811275,Ni medida ni guarra
1711934,Banda batki Knysha
1428060,(1964-04-03)
717994,(#1.153)
615987,House of Sisters
1970431,I'm a Tease 2
1308742,Swamp Fever/Kung Foolish
712256,Mother's Day
1758211,Candy Candy: The Movie
1080208,Booty Blockin'
954755,Burnin' Love
795289,(2011-01-28)
1566782,Wasted Party Bus/Too Old for the Party
2248421,"Roger Salengro, l'idéal et le réel"
110919,Titans Retrospective: Team History
1122434,(#1.877)
1191802,Damage Control
1200863,Bag Girl
1974659,Il figlio
837230,Murder Revisited
2157519,No Secrets
793837,(#25.8)
2374935,The Great Storm at Tenariffe and Cave Dwellers of Atalaya
1854666,Ehe oder Liebe
2233775,Razzia in St. Pauli
1979421,In Between
224270,Dr. Michael Hayden: A Passion for Discovery
2006176,"July 17th, 1996"
2283623,Shoebox
144967,Food and Sex
1413284,(#5.10)
4684,(#1.4)
2387808,The Locked Door
1950653,Hip Hip-Hurry!
2085284,Lost Years
618158,Berlin
472206,(#1.182)
133478,(#1.2)
496109,(1995-11-17)
996819,(1995-06-21)
1246514,Of Mice and Tony
672470,(#25.68)
314821,(#3.20)
1522523,Feliz cumpleaños
1805807,Das Kind des Teufels
2481398,Visões! Equações! Radiações!
2353961,The Cable Guy
601521,(#1.3677)
1680506,America United: In Support of Our Troops
1226866,Kijô kishô semari kuru kiki
727304,(2003-03-15)
1241797,(#1.6)
1945677,Her First Beau
976396,Narko på nettet
2160866,Not the Bradys XXX: Bradys Meet the Partridge Family
1202339,Susjedi iz pakla
1674591,Alicia en el país de María
2032622,L'avvocato della mala
2427859,The Woman Pays
965166,Detroit and the Tigers
950124,(#2.5)
1518808,Uma Aventura Musical
1814093,Deep Inside Racquel Darrian
1777178,Cisco Heat
1663941,Acceptable Risk
131715,(#3.10)
2114613,Mesmer
2520084,Zivi i mrtvi
1224967,(1974-10-08)
901860,Sick Day/The Cuddlemuffins
1370905,(1968-02-01)
2222523,Puerta de la muerte
1484449,Der Stall ist leer
1787065,Consolidated Goin' Bananas
1612743,Out of Darkness
1991650,It's a Gift
735254,(2004-10-15)
481720,First Look
992977,(2008-06-24)
1455113,(#1.8529)
1572488,... Aladdin Had a Bachelor Party?
1370337,The Men Who Jump Off Buildings
575114,Stress
856916,Detective Club Pursuit Case
237757,Richard Brooks
1836328,Dizzy Daisy
623678,A Long Way from L.A.
1490673,Top star magazín 2011/45
1787356,Containment
1680371,Amen: Chaos Theory
1353317,Anna Trebunskaya
1338944,(#1.6)
1212641,Time Trouble
185671,Melancholia
879117,Back to Africa
378248,(2010-08-05)
2491522,Weight
2280481,She Must Have Swallowed It
2314375,Stop Motherfucker
1846344,Drink and Piss
1410971,(1997-01-29)
683812,(2007-11-27)
1031057,(#1.8)
1380359,Lethal Obsessions
168127,The Fly on the Wall
1705446,Aylwin
1368595,(#1.20)
2178944,Opium Royale
2004877,Juan
1865041,Ella o yo
212949,From Beyond the Apocalypse
1915308,Get Born
135732,Ghosts
1792830,Crepuscolo triste
356539,Der süße Tod
1930638,Guimel
1665765,Addiction in Three Acts
2370067,The Force
1378186,Extreme Makeovers & Fashion Takeovers with Special Co-Host Carson Kressley
1218062,Blur Special
1505243,(#1.60)
895016,Tempting Offer
1219727,Operation: Care Package
977810,Luces en el árbol
2378958,The House on Sycamore Street
2363048,The Disappearance of Jenna Matheson
642340,(2010-04-12)
2427146,The Wind Cries Marty
1268111,Gun in His Hand
30497,(#1.6)
2245477,Ritorno al Mare
376269,(#1.79)
1332486,Revolution
382771,Ping-Pong
835834,(#2.7)
1140968,Senjô no varukyuria
1630654,(#2.7)
1582877,General Hospital 2
1601172,(#1.2)
1298760,(#1.6)
717044,(2007-09-15)
1520488,Alain Fleischer: La hache et le violon
510719,The Guy of Her Dreams/U.S. Acres: The Discount of Monte Cristo/The Fairy Dogmother
2335615,Tecnologías pesqueras
888376,MotoMan
536452,(1993-01-04)
1145267,(#1.5)
1762890,Cat Fight
1347049,(#1.7)
494869,Waiting on a Friend
1673393,Alecamonsa the Zulu Driving Skewbald Stallions
973373,Ang paghadlang ni Ellen
212038,Accidents Happen
2342567,The 56th Annual Tony Awards
206486,Caribbean ICT Roadshow
1115836,Ismo lähtee innokkaana suden suuhun
404779,(2012-01-25)
230864,(#6.127)
2160331,Nosotros
593633,(#1.2187)
2426394,The Whirlwind of Your Passion: A Philanthropist's Dream
2514495,You're with Me Now
2243975,Rigadin a perdu son monocle
617426,How Does Your Garden Grow?
387695,(#1.48)
463540,Eestiläinen taulukauppias
756310,Libra
1746530,Britain's Sexual Fantasies
909032,Natsu no hi ni youkoso!
1947318,Herr Collins äventyr
2197518,Per un pugno di dollari
1979934,In Hell's Way: Making 'Hellraiser: Deader - Winter's Lament'
1484338,Reward for a Gunslinger
885301,(#6.45)
402015,(2013-03-08)
2399258,The Ordeal
1169687,(#1.7)
1592985,Wollongong the Brave
928736,Harriet
1640129,3 Fellas and the Wolf
899013,Mutual Friends
2445840,Trace No. 22
628136,The Pact
2461879,Un mariage imprévu
1880068,F.O.B.
52736,Gaugamera no shitô
2397059,The New Homestead
1231045,(#1.153)
1289961,(#1.19)
2279717,Shark in the Water
2073070,"Liebe, Tod & viele Kalorien"
371739,Bad Blood
613221,(#1.47)
2212361,Portugaru San - O Sr. Portugal em Tokushima
555551,Guten Abend am Samstag
2507339,Write the Future
41495,A Ninja
2227897,Qui a peur du grand méchant loup? Enquête sur les désirs politiquement incorrects
993156,(2009-04-15)
1337129,(#3.8)
1443522,"The Blind Auditions, Part 2"
1871119,Er nannte sich Hohenstein
389834,Antarktis - jomfru på nåde
1693990,Archangel
1164146,(#2.1)
1722374,Berlin im kalten Krieg - Der Weg in die Spaltung 1949 -1961
585075,What Granny Did in the War
2388505,The Lost
1071872,(#9.10)
2296604,Snow Crash
1855123,Ein Bombengeschäft
1869240,Engenhos E Usinas
1044482,Fortress Rabaul
1193228,Why Spy?
2249009,Roma del Belli
1842003,Dos rateros de altura
1187977,Bill Clinton
2235538,Rectitude
678091,(#4.126)
1973714,Ikuska 2
2449239,Tres desgraciados con suerte
1997513,Je ne suis pas morte
2084288,Los venados
50521,Incertidumbres
1348777,Star Trek & Duke Nukem Forever
2052662,Langlois
2296633,Snow in August
182069,Avatar
1410732,(#1.37)
578446,Ruthie Grows Up: Part 1
823039,Orasan
1177160,(#1.52)
1112328,(2003-12-04)
2327056,SwordThrust: The Case of Sultan's Pearl
1977197,Illegal Use of Joe Zopp
613709,(#3.9)
2430388,There's Something About Mari
1825659,Dhyanu Bhagat
1304961,The Way the Cookie Crumbles
1218699,Repo Man
679076,(#8.99)
1419520,Light Bulb Obliterated
908399,(1995-09-08)
1980939,In the Basque Country
1277585,The Ark Stories
2021858,Kiss the Girls
991708,Orxistra ton xromaton
1455927,(#1.9347)
2049717,La ville des mosquées: Le Caire (Égypte)
1203832,Ice Storm
1164070,Tarp Car
2300100,Something Blue
1889385,Fighting Sleep
962812,Fanynka
2224705,Putiferio va alla guerra
1131261,Land Tugs
2396217,The Mystery of the Silver Skull
2476063,Verdacht
1420535,(2010-05-28)
248805,(#1.26)
1532629,Suurin niistä on rakkaus
1447628,The Night of Fire and Brimstone
1354958,(#1.1)
550301,The Anniversary
1386345,(#34.67)
492640,(2008-04-06)
1469136,El encuentro
346887,About Last Night
2311034,Starrcade
1245477,(2010-02-04)
1310266,Corey Martinez
255177,Julian McCullough
228134,Missed Conception
729722,(1982-11-18)
674106,(#7.218)
1792980,Cricket in Cricket Lives
265128,U.S. Marshals
1651052,A Killing
2505025,Womanhouse
2404616,The Prom: It's a Pleasure!
234294,(#1.34)
2489657,Waves
805236,(#15.60)
1019235,At Sophia's Flat
1724105,Between Man and Beast
915582,(#1.57)
2241963,Revenue Agent
665107,(#3.1)
1415349,Who Do You Want to Be Today?
868830,(2010-10-08)
1849401,Dusk to Dawn
2506048,Words of Atonement
8021,"Red Wings vs. Stars: April 27, 2013"
1945234,Henry Hudson
1408895,The Sharpshooter
1623246,The Way to Your Heart
1149873,North Korea
2464228,Uncle Sam's Dinner Party
2366893,The Fable of the Manoeuvres of Joel and Father's Second Time on Earth
2105995,Maskarák
1774164,Christmas
593531,(#1.1855)
1380189,Mean Seasons
2071512,Letters to Sally
2379281,The Hungarian Touch
908190,(#1.54)
2218051,Prison Babies
971430,(2011-09-23)
2158135,Nobody Does It Better: The Music of James Bond
2113527,"Menousis, o leventis tis Ipeirou"
2177972,Op hoop van zegen
2211690,Pornological 5
746405,(#2.77)
1250230,(1995-08-01)
666320,Sick Day
304061,(2006-05-04)
1641526,43: The Richard Petty Story
513611,(#1.10002)
1103256,(#1.83)
1286841,Money Talks
603962,(#1.721)
887927,Hokus Pokus
1397758,Gridiron Girl Trouble
2503056,Winterreise
2049269,La vestizione
1404635,(#3.12)
492656,(2010-02-02)
483004,"A Deadly Struggle, the Guardian of Stone!"
1600535,Solar Power Plant
661852,Sister Dora: Part 1
297295,Gran Final
222490,(#1.83)
332518,(2006-01-21)
1914566,George in Civvy Street
1275060,The DVD/The Responsible
2239523,Repetition de danse dans les coulisses de l'Olympia
926604,(#1.840)
754139,(#1.24)
1418030,"Homer Simpson, This Is Your Wife"
2380398,The Inner Brute
2105998,Maske in Blau
771188,(2009-04-24)
1699030,Ass Cleavage 9
508920,(#1.14)
1866636,Emotional Battle
1113160,(#1.3)
607265,Queer as Hope
146674,ComicView Presents: Doug Williams
1117931,La malédiction
1795820,Cuckoo
27287,Mary Blandy: Part 1
2413053,The Silence
325834,(#1.6)
2198548,Perras callejeras
1845902,Drei Reisende
2235518,Recruiting in the Solomons
1655429,A Prince There Was
1494224,(2006-04-08)
1432061,(#16.32)
477494,Palm Springs International Film Festival 2009
1093456,(2007-03-28)
328196,(#6.166)
136268,(2009-11-29)
1710823,Balas de fogueo
1991534,"It Was My Best Birthday Ever, Charlie Brown!"
69973,"Las Vegas Callbacks, Part 1"
1206618,(#1.10)
76466,Ximena y Francisco van por 'La Malquerida'
1728546,Bike!
1924512,Good Planets Are Hard to Find
156359,Der Main - Von Seligenstadt bis Mainz
992585,(2006-09-13)
73242,Second Half Semifinal Round 1: Miller and Granger vs. DePaoli/Wilson vs. Liberman
2168198,Ocean Odyssey
1079416,Ransom
1574912,Back Together for Couples
59822,(#3.11)
194431,El dueño del local
69872,Bumbling Crooks and Criminals
2101411,Manobra Radical
2477093,Vesyolaya karusel N 11
1712362,Bangin' Brea
1744131,Brat moy
972533,(2010-06-14)
1571285,The People for Women Party
1734468,Blind Date
1981799,In the San Fernando Valley
1908802,G4 Presents Comic-Con 2011 Live
132092,Vintage Country Nashville Bath
2048241,La tempesta
1858259,El chico temido de la vecindad
1726015,Bi xue huang hua
1588186,Shaping Up
463052,Charles et Christophe Cretello - Double détente
2341674,The 13th Step
1512385,(#2.11)
1384860,(#27.41)
726767,(#1.20)
1733457,Blackmail for Daddy
1431667,(#14.51)
53077,(2009-11-07)
263504,Contos e desencontros
1944739,Help Yourself
79620,Desde lo más hondo I: Silverio
618124,Winter Jackets/Animation/Mushrooms/Gold Rings
345827,Det 3. hjul
2083251,Los dibujos de Bruno Kulczewski
223033,(#2.5)
1948150,Heute bin ich blond
1571675,(#2.37)
1135631,(#3.2)
2119717,Mimis sidste valg
1602249,(2010-04-15)
2083863,Los ojos despiertos
705030,The Good Life
2151619,New York Philharmonic Young People's Concerts: Fidelio - A Celebration of Life
2202088,Pie Head: A Kinda' True Story
885849,(#8.278)
1913193,Gekijô-ban Kamen raidâ Den'ô & Kiba: Kuraimakkusu deka
1560288,Back to the Club
1194751,Meistens fängt es harmlos an
1872081,Erotika paihnidia
1929550,Grunwald
1113212,Penguin Party
838454,Maleïts mòbils
496803,The Answer
15154,(2006-06-12)
103442,(#1.11350)
944638,Stop Press
1905819,Fu lu shou
1845195,Dream Girls
479334,(2008-08-15)
2312811,Sterva
1732093,Black Dicks in White Chicks 8
876266,(#1.61)
2432382,This Thing with Sarah
816128,(#1.7)
1301233,(2006-12-08)
2320892,Sumo East and West
660810,(#5.50)
1332118,Oscar's Best Supporting Actress
1277922,(1989-11-15)
1627405,(1995-09-04)
96865,Egypt: Mummies
622620,The Accounting
1426658,(#1.12)
280636,(#25.44)
1668675,Afutâ Bânâ Kuraimakkusu
1603752,(1985-06-08)
401104,(2008-09-18)
883709,(#1.184)
1982171,"In Time's Shadow, the Hegis"
834039,(2013-01-28)
10325,Music Hall III
2267947,Screen Snapshots No. 1: Radio Characters
1686248,Anchor
84954,(#1.135)
2290365,Sirene Song
2006266,Jump Offs
2327436,Sync
602816,(#1.4850)
945832,Gabriel Is Determined to Find the Lost Ungtas
1107110,Gopi Is Punished
1606364,(#1.5)
326575,(#5.28)
505314,(#1.12)
2256126,Sababi 2
1360777,Last Exit
118960,(#1.1)
2087784,Love's Harvest
2347786,"The Battle of Durban II: Israel, Palestine & the United Nations"
2372130,The Ghost Writer
1228660,(2013-05-16)
1268539,(2012-09-12)
383911,Birdman
1872224,Erstens kommt es anders
470118,Augustus Hare: The Years with Mother
2014680,Katt Williams: 9 Lives
778902,Les meilleurs lieux communs
2434664,Thunder in the Sun
647859,(1973-12-11)
2268888,Se vende
766923,(#4.1)
279589,(2012-02-28)
1478019,(#7.10)
1026908,(#4.5)
191484,Out of Bounds
41714,Memento Mori
660236,(1970-01-26)
1348475,E.T. The Extra-Terrestrial: Part 1
1276,(#3.2)
422978,(1999-09-10)
971876,Uninvited
72903,Winners
417813,(1990-04-12)
1536673,La vida es una sola
951822,El caso del visitante
1055226,A Festa Surpresa
1029825,Tampere
366973,A Cry of Wolf
1373796,(#2.247)
2044849,La otra cara del progreso
1769860,Chemistry 3
2170140,Oh Sensibility
1496830,(#2.83)
340302,Zwischen den Fronten
1166347,Toneel
2115623,Mexican Mousepiece
1781597,Cohen's Bad Luck
280298,(#20.32)
1495943,(#5.8)
1760481,Carlssons
1560207,The Red Hot Decisive Battle! Luffy vs. the Scorching Don
1829156,Die Jugenderinnerungen des Oliver K.
1327170,Just a Small Circle of Friends
796893,Helen Meets Matsi
2181933,Otokotachi no uta
2392574,The Masked Champion IV
418066,(2000-09-20)
1558728,Marco Asks Emily If They Have a Son
2047922,La sposa e l'eredità di Rirì pedicure
2362698,The Diamond Fleece
1050274,Vanessa Noel
467441,(#1.211)
465631,(#1.3564)
1456159,(#1.9692)
944406,(2004-05-22)
2371677,The Gateway to Darkness
729461,Höllenfahrt
1733947,Blanky
358240,Das Skelett
2278048,Shadow Man
1075638,"Like Father, Like Son"
626009,(#7.9)
512465,Geinin hôdô
1299544,The Tomorrow Business
934297,(1989-07-01)
1588702,Don't Dimension It
1599676,Caribbean Poker Adventure/Poker Stars
314457,(2009-08-11)
923320,(#1.3159)
405874,Himmlische Berliner
2409549,The Run
2337328,Tell Them Johnny Wadd Is Here
1539120,(#1.1086)
1445829,Radio Free Carver
1244355,Zwischen den Ohren
1648166,A Face for Pictures
1367945,Father's Day
818093,"Oh, mein Papa"
2431535,Thirty Days
745432,Le divorce II
1525398,Pole-Dancing Toddler
2190704,Pardon Cupidon
2007236,Just Another Blonde
1926915,Grandma's Story
1517787,"Temnoe pivo, ili urok anglijskogo"
1834766,Disciples II: Dark Prophecy
602850,(#1.4881)
1924087,Good Bi Girl
567443,Standoff
108820,(1998-03-25)
1559168,Forgotten People
2114707,Messalina
46838,(#1.2)
818040,Tod im Bad
2159611,Nordlandrose
841328,Mark Loves Sharon
1511772,New Twitter Just for Sluts
1425752,(#1.8)
100523,(2006-05-14)
2012274,Kante
836298,(1962-10-02)
1901525,Frannie's Christmas
2174570,Once More to the Cabin
2468720,Untitled James Cameron/3D Diving Documentary
1693969,Archa bláznu aneb Vyprávení z konce zivota
683952,"Rebirth of the Dubak God, Part 1"
647984,(1995-01-21)
2145087,Napoli
327106,(#1.10)
1070773,(2011-04-23)
843779,(1947-11-18)
478226,Bumble's Big Race
2426231,The West Side Waltz
1918493,Girl's Best Friend
438162,(#1.6)
513751,(#1.10144)
294645,(2002-05-08)
1901388,"Frankenstein, Or: The Modern Prometheus"
354125,(2003-10-23)
2112808,memory jungle
27909,A Fistful of Love
1715358,Bateaux sur la Marne
196479,Life-Sized Cakes
1395691,Opal Strike
1001833,"Cote D'Azur, Monaco"
1824452,Deus Pátria Autoridade
1996131,Janam Janam
311877,Milliarden für den Aufschwung - Konjunkturspritze oder Placebo?
755021,(2009-04-20)
1387326,(#4.88)
753406,(#3.6)
882350,Black Beast of Exmoor
1372786,(1979-05-22)
446564,(1999-06-18)
621384,(2003-04-08)
1461793,(2006-01-05)
215848,Showdown in the Congo
1742455,Bound and Gagged Around the House
460272,Sirdas
889255,A Question of Honour
1257156,The Thinking Man's Shelter
796490,Guest-Himself: Charles Berliner
987030,Dovolenka
2009710,Kahit wala ka na
1729137,Billie's Lucky Bill
1205426,The Waiting Chair
1778743,Clean Command
868635,Molly in the Middle
92342,Anything's Possible
663762,Farmer Boy: Part 5 - Starlight
870012,(#1.89)
1970906,"I, Spry"
61048,(#20.4)
910199,(1972-12-02)
445603,(2001-08-12)
1076566,Raymond
2260270,"San Juan, las voces ocultas de la devoción"
2064306,Left Alone
2057134,Le calze di Fricot
1796196,Cults and New Religions
2020392,King Khayam and I
2363059,The Disappearance of Vonnie
1427967,(1962-11-09)
715286,(#4.33)
1031670,(#1.162)
812751,(2012-03-02)
605677,As the Twig Is Bent
2123921,Miyi io Magalo
1971033,Iago
823872,Uprising
678913,(#8.115)
1635344,101 Men Part 8
1700479,At the 2011 Sundance Film Festival
2449,Anna Is Completely Bothered at the Sight of Her Ex
689672,Rufmord
784344,(#1.29)
12747,Health Kickback: Part 1
389809,(1989-11-20)
1342082,(2007-01-28)
1667563,AFI's 100 Years... 100 Thrills: America's Most Heart-Pounding Movies
2436563,Till I Met You
382101,Tough Decisions
1077093,Reg Varney
1365733,Brothers in Arms
816432,(#1.5)
1832152,Die Zeit heilt alle Wunder
2151274,New Red River Valley
2441057,Tokugawa tenichibo
1691415,Anugraha
1507062,Behdty Late Then Never
1385332,(#3.17)
970987,(#1.9596)
2430402,There's Something in the Woods
2417391,The Submarine Chasers
1422088,Extreme Makeovers
1300628,(2002-06-07)
2254444,Rusticating
943160,"Nino, las cosas simples de la vida"
614245,Sex
2214088,Power Rangers Zeo vs. the Machine Empire
433338,(#1.703)
396827,Legacy
352592,(#6.18)
1185492,(#1.10)
1366997,When There's No Law
2516872,Za horâ kaiki gekijô: Kaiki! Shinin shôjo
784641,Monte Carlo
2192801,Passeio Publico do Rio de Janerio
379597,Gunnyari Gian
353534,Show #867
2409536,The Rummage Sale
808255,(2003-04-28)
1795314,Csöpp szivem
1288164,Winning Spirit
2269574,Seaworthy
1833832,Dippin' Chocolate 4
1083954,Safaiya o sukue!
2288525,Simiente humana
1602422,WWE Vintage Collection
1825261,Devushka s kharakterom
1723387,Bestseller
1021536,Psychobitches
380025,Boda y fiesta
124865,Baldi
789349,Rosige Zeiten
954460,(#1.166)
1550313,(#1.38)
1243813,Familiensache
592451,Journey's End
31646,(1978-09-26)
1557551,The Chalice
610103,Seductive Tales
1234443,Hadashi no senshi
234314,(#1.52)
2280450,She Made Me Do It
1882424,Familj igen
562332,The Bear I Never Knew
2297344,So You're Having In-Law Trouble
823487,(#1.3)
738771,¡Sin piedad!
2177019,Online Secrets
157941,(#38.3)
808203,(2003-01-13)
861328,(2010-01-08)
1709513,Bag Københavns kulisser
745730,(#1.71)
489393,Sun Lamp
883754,(#1.224)
2513414,Yonimo kimyo na monogatari 20th anniversary special fall 2010
2383570,The Lady in Black
1031701,(#1.28)
1282096,(2006-02-26)
2301616,Sonny Jim's First Love Affair
2002473,John Gollings: Eye for Architecture
1298683,"The Trial, Old Bailey, the Prosecution Case"
2388114,The Long Green Shore
591841,The Top Secret Top Coat
898885,The Recruit
2158730,Noghre-dagh
299018,Los camaradas
911671,(#2.13)
557134,Australia and New Zealand
2340507,Thalirukal
1838762,Dollar
83943,Looney Gooney
774681,Cesta smrti
1904112,Fright Night Part 2
1732025,Black Dawn
675313,(#20.8)
873617,(#1.2)
556524,Saigo no tagakari
1937060,Happy Birthday My Dear
1456702,Victor Denies Allegations Against Him
1482341,Met de muziek mee
421667,(#1.40)
711528,Kiss & Tell
1388398,(2011-04-05)
129273,(2003-10-28)
958008,Swamp Dinosaur
1148545,Brief Encounter
1049057,Profanation
206889,Caroline and the Cabbie
2074204,Life Without Soul
59835,(2011-01-17)
1550197,Vista: The New Magicians
1971911,Ici et ailleurs
481550,(#1.39)
663145,Zimbabwe: Cats & Dogs
1016925,The Housemates' Siblings Help Them Gain Immunity
488221,(#1.1)
1665116,Actiunea Autobuzul
1698282,Asia: Fantasia - Live in Tokyo
1042341,El caso de la señora estupenda
230119,(#2.23)
2148376,Ned Kelly
1043845,(#1.307)
539609,(2012-06-09)
902028,(2011-04-04)
924496,(#1.426)
838058,(#1.48)
454017,No Roll!
1403063,(2011-12-29)
2221773,Prøvens Dag
216257,(#1.163)
1474488,(2012-02-29)
1024152,(#5.111)
746828,(#1.21)
1709391,Badnaam
1346631,We Got It Maid
1482143,"¿Qué nos pasa, Doctora?"
2520894,Zombie Town
2358961,The Cowboy
2309468,Staircases to Nowhere: Making Stanley Kubrick's 'The Shining'
351249,(1971-07-01)
1455060,(#1.8477)
895353,Sheryl Hears Her Family's Secret from Lanie
1019744,Rollos
1780676,Cobra
678019,(#3.61)
24774,(2004-12-17)
254996,Deconstructing Harry
2234812,Reassembled
1486207,Tony Robinson Explores Australia
2131792,Moving to the Beat
257686,Séduction fatale
1377125,(#5.3)
233742,ChuckleVision
407605,Ekeinos ki ekeinos
1892281,First Kiss
364258,Escapade in Florence: Part 2
441266,"Back in NYC, Air Guitar Samurai, Central Park Roller Dancing, PBS"
501608,(#1.8)
795137,(2009-07-10)
1194220,(2013-04-09)
2091440,Lágrimas de esperma
341694,Der Staatsanwalt
1265740,(1975-06-20)
770878,(2005-10-11)
191384,(#2.5)
1792950,Crew of the U.S. Cruiser 'Raleigh'
2130608,Mother-Daughter Exchange Club 9
1856778,Ek Hi Maqsad
621956,(1998-11-17)
1561702,(#1.86)
2335465,Teater
1557732,The Sam Spicer Story
1736021,"Blood, Sweat, & Brando"
1852488,Ebony Erotica 5: Black Obsessions
1248449,Uncle Ted's Thunder Bay Bear
866927,(1992-04-13)
469240,Hell Toupee
1442111,(2013-04-09)
1505190,(#1.190)
1153288,Widow of El Dorado
2402414,The Pitcairn People
1759004,Capitan Cosmos
2305558,Spellbound
1381855,(#12.197)
577879,(#2.11)
405790,"Hunde, die beißen..."
653974,(#1.10)
1228489,Svobodnaya zhenshchina-2
498841,(#1.6)
1842078,Dossier Caroline Karsen
414650,(2001-01-12)
853215,Magazines: Riding the New Wave
665413,Hurray! Cassoulet
1101147,Run of the House
307927,Dug je najgori drug
1533747,(#3.6)
1152695,(#19.5)
2314202,Stone Markers
236014,(1996-01-17)
2337600,Tempestades da Vida
2359360,The Criminal
2222156,PTBS - Unsichtbar verwundet
2002293,John
1303043,Monster Mash-Ups
1060113,(2007-06-11)
2518347,Zeinab
369938,Doch Ivgi Swissa
1375477,(#1.6)
541466,(2012-10-03)
2156520,No Exit
2489916,WCW Bash at the Beach
835233,Aviation Cave
1671756,Akord smrti
1056998,(#15.17)
2246613,Robe de fiançailles
1946467,Here
697647,"Hajimemashite da, goshujin!"
446195,Best College Basketball Players
203281,Gimnasia y amnesia
2338794,Teraz i zawsze
2138396,My Girl Tisa
2122094,Miss Jackie of the Navy
1400764,The New Boy
2490334,We Have the Power
2510921,Yanzhi hun
1211168,Sub Marine
110368,(#1.9)
750975,(#1.18)
163745,The Darkness Which Moves! Kibune's True Colors
1099683,(#1.6)
1976507,Il suicida N. 359
127870,Jak vyuzít promeny
483187,Chapter Fourteen: The Desert Hawk
2080212,Locks and Bonds
263853,Conversation with Filmmaker Peter Hyoguchi
537828,1998-10-20
99263,The Spy Next Door
826781,Is Jesus in the House?
1993891,Jack & Poppy
439270,(2008-09-22)
1643920,9A
1376730,Sneezes & Hiccups/Fruit
515144,(#1.11954)
1797245,Curly
98262,Lord of the Bean
1527158,Komiker & Co.
2014447,Kathy Smith Workout Series: Winning Workout
2186261,Paha kulkee
1056777,(#14.5)
2065983,Lepiej byc piekna i bogata
174106,Craddock vs. Bennett
1891352,Fintar o Destino
1640253,3 Nights 4 Days
502282,(#2.4)
1642377,5:55
2140443,Mysteries from Beyond the Triangle
415095,(2009-02-09)
624563,Bryllupet
388564,Funeral
512900,"Run Sam, Run"
1613977,(#1.3)
2097105,Make Up
527120,Daiji nano wa mitame de wa naku nakami/Mitame yori nakami to itte mo gendo ga aru
1133110,The Defector
2259606,Sametoví vrazi
1693730,Arangu
2100655,Manga: Chinkoro heibei tamatebako
785117,Head Over Heels
1348702,It's a Zoo Itsy
1201436,Stevie TV
1331924,(2012-09-10)
1054565,The Man Who Walks on Fire
1340729,(1999-07-15)
1660370,A Western Girl's Love
1724081,Between Home and Country
2285727,Shôgun Iemitsu no ranshin - Gekitotsu
1646826,A Damsel in Distress
2292858,Skærmydsler
365565,(#12.5)
2292004,Skiing in Montreal
595964,Hollywood Couples
19848,(2008-07-17)
654521,(2013-01-16)
1932978,Ha-Chalom Shel Pinchas
634019,Halo Bollywood Movie Trailer
349396,Die Verlobung
2105829,Mascarade
1290602,(#1.2762)
1691893,Apache Country
1063163,Rach's My Year in Meals & Celebrity Style Makeovers
2236924,Reel People 11
503194,The Prince Maker
2465758,Une entrevue avec Monique Léonard
95991,(1996-09-09)
41797,His Hero
446079,Lisa vuelve a caminar
140622,The Price of Love
820836,Lønning direkte
308088,Noblesse Oblige
56857,(#1.7233)
1942798,Heavy Breathing
2266796,Schwanensee
1142767,(2006-09-12)
1322807,(2010-12-24)
482116,Good Hair Day
1296547,Curse of the Tiger Women
1771339,Chiens de faïence
685590,Harris vs. Carter
2028695,Kunoichi senshi ninja
684642,(#1.29)
1191648,Kicking Power
1304490,Bandaged Badman
1963980,Hunger Hits Home
2520567,Zoku: Ai to makoto
1599007,The State of the Nation: Part 3
1145319,(#1.23)
1734432,Blind Ambition
2166139,O Nariz
1296836,Gilly's Birthday
64594,(#1.2)
304064,(2006-09-21)
2202283,Pieni iltapala. Viihdettä turkulaisvoimin.
2313964,Stojce
2079029,Living While Falling
1436708,Deep in the Heart of Houston
2148493,Need for Speed: Hot Pursuit
429088,(#1.27)
1854378,Eggs Again
2089835,Luke
1951576,His Naked Mind
2065199,Leila the Star of Mingrella
152746,(#9.41)
681915,How to Become a Movie Star
2503760,With or Without
623145,L'homo delphinus
1432116,(#16.82)
344583,Desire and Deceit
1776719,Circle of Danger
1823905,Det lille Pus
2521030,Zomedy
114004,Alison Krauss & Union Station/Merle Haggard
1173804,Sein letzter Fall
817251,Mandule
2446148,Traditional Family Vampires
723474,(2003-11-14)
1956783,Hong Kong SARS Blues
1175730,Before After Then
2166944,O valtos
1720973,Bellezze italiche (Rosazza)
2240261,Resident Evil: Underground
737066,(1996-05-02)
71876,The Best Blueberry Pie
2216767,Price of a Room
2433328,Three Glad Men
773633,(#1.5)
2279212,Shanghai from a Launch
1113491,Little Big Planet 2
1090694,(#1.10)
220635,Zastav
2053476,Las Dos Vertientes
2424368,The Virgin Soldiers
1961727,How to Keep from Catching VD
1873823,Essay
1806418,Das Recht auf Dasein
7201,(2007-04-09)
617560,Now We're Even
1173927,Elf Freunde sollt ihr sein
3962,Ein Unglück kommt selten allein
1115863,Ismo saa viestin rajan takaa
935010,(2002-02-14)
21807,The Itinerants: Part 1
1293639,(#1.558)
920017,(#1.46)
1728183,Big Wet Climax
891116,Pilot
97805,Caged Bird
1050241,Youth Crime - Targetting the Tearaways?
1493178,(#1.2)
1057530,A Penúltima Carta
1128863,Folge 182
450816,La herida del tiempo
1249443,Noah Dahl
22760,(#2.10)
2343795,The Adventuress
398818,(1996-08-22)
1480167,(2007-10-18)
527302,(#1.7)
2178213,Open Season
1485582,(#2.45)
1904716,From Nags to Riches
1094292,Who Let the Dogs Out
2060945,Le petit joueur
1519790,(#1.4)
252397,Salty Cheever
1525809,Cocktails
759778,Ephraim/Juan H
906601,Selene & Endymion
1266344,(1983-03-08)
10995,Winter Warmer
238848,(#1.63)
1009012,Ausfuhr verboten
513273,El examen
381498,Testing
578111,Nobody Loves Me But My Mother
2317517,Strongmen
71667,Stolen Explosives
2372952,"The Girl, the Gold Watch & Dynamite"
1880072,F.R. Scott: Rhyme and Reason
2288341,Silver Valley
117469,Der schöne Schein
2045144,La passione di Alberto
883254,Cool Hand Dave: Part 1
1637460,1992 Weiser Lock Copper Bowl
238607,We Are the Champions
1003656,(2007-05-27)
1880061,F.L.I.R.T.: Fine Ladies Is Runnin' Things
229356,Krokus lives... Again!
1943787,Held for Ransom
686077,Off the Streets ... Gang Interventions
1144638,Sex på nettet
2187702,Pand*monium
1696835,Artur Becker
1567746,The Wedding Place
2167586,Objective: Sabah
1558877,(1992-11-01)
1906614,Fukushû suru onna: Madogiwa shinkin man no jiken chôbo 2
2470656,Urzulei
235631,(#1.69)
1588029,(#1.81)
585189,Sibling Set-Up
1762128,Cash Advances for Prairie Grain
1105483,Flounder (Hirame)
1389014,The Fabulous Foodbox by Scamco/A Chilly Hockey Star/Corn Fed Up
560856,(#1.2)
401330,(2009-10-27)
1071310,Rugley Motor Home
1059371,Cynthia & Jorge
1718970,Before She Says 'I Do'
1624579,The Ghost of the Mission
1453894,(#1.6581)
1118881,The Virgin
1762372,Casseurs de bateaux
168391,A Skipload of Surprises
2114266,Merimiespapin matkat
2121970,Miss Communication
2129062,More Than You Can Handle
1807978,David Garrick
2436770,Timber
299681,Wladek
1045541,Producing Parker
132405,Joker's Favor
382953,The Roaring Boy-O
180647,Mandala
445805,(2007-05-08)
341816,Altpapier
349127,Der freie Wille
1924009,Goo 4 Two 5
2420539,The Touch
1040325,F-Xerox
1932674,Gündelik
1038450,(1994-01-19)
98711,The Stranger
212107,Blind Spots
1211633,A Tale of Two Pants: Part 2
1508828,(2007-03-19)
1480093,(2007-07-14)
1865399,Eloise at the Plaza
827876,(1989-04-20)
1675016,Alive Alone
2033018,L'entrée au Jérusalem
1914428,Geomeun meori
609624,No te olvides de mí
1180799,"Sorpresa, ¡Sorpresa!"
111783,(2012-01-13)
1835865,Diver at Work in the Docks at Holyhead
944388,(#2.5)
2029252,Kus me zachtjes
2405414,The Question
946959,Noche para compartir
450690,El portero
2412661,The Shoes of the Fisherman
1801816,Dancehall Queen
364152,Barry of the Great St. Bernard: Part 1
1847054,Drug Baron 2
1838267,Dogs: A Juggling Tribute
683504,(1999-11-03)
1516536,(#1.1839)
1915522,Get the Terrorists
2392303,The Mark
1629950,(#1.114)
2126445,Monday Morning
1016788,Tom and Ryan Prepare a Very Special Dance Number
1577227,(#5.101)
1576750,(#2.24)
21634,"Promises, Promises: Part 2"
299233,(#1.9)
667813,(#1.72)
376450,(#1.8)
1088231,Fools and Kings
1473797,(#2.9)
2126942,Monkey Business
1015743,(1975-05-03)
387927,Easy Come Easy Go
1829318,Die kleine Schwester - Die weiße Rose: Ein Vermächtnis
1343139,Brave Bee
1999936,Jewish American Princess
1875137,Eulhwa
151056,A Ministering Angel
1590888,True
2390463,The Making of 'House of Bedlam'
1372788,(1979-05-30)
349919,Gefeuert
2457496,Tätowierung
1814298,Deep Undercover
1058515,(2002-11-07)
2043199,La mariée est trop belle
2494212,What Is a Mexican?
1699025,Ass Cleavage 4
2335038,Tea on the Axis of Evil
1722965,Best Butte in the West 4
406874,(1983-05-03)
38262,(2008-06-17)
444487,(2001-05-12)
556842,Seagulls Over Sorrento
858720,(1948-12-22)
1419881,Light My Fire
997433,(2002-01-24)
2157295,No Place Like Home
2151990,Next Tuesday
687295,(2010-04-16)
2236463,Red Traffic
148650,Samantha and Darrin in Mexico City
1287474,The Three Wise Monkeys
2461548,Un grande amore
1639270,22 Birthdays
855136,(2006-10-15)
900074,Jade and Andy's Love Will Be Tested
447474,New York Jets vs. Indianapolis Colts
571514,(#8.1)
1346118,(#1.17)
2514033,You Just Love Your Children
677794,(#3.102)
1806970,Das Tor zum Glück
1085550,(#2.6)
143507,Grensverleggende kunst
1278436,Irina Dvorovenko & Maxim Beloserkovsky
1945926,Her Lucky Night
84508,Ein Huhn im Wasserwerk
1783201,Combat Squad
1696264,Art of Healing
1060131,(2007-08-15)
2428183,The Work of Director Mark Romanek
1339117,Legacy
1201960,Paranormal Activity
385051,Copy Cat
797626,Lluna de mel
1539158,(#1.112)
2281279,Shelter
2247243,Robotnice
2342640,The 64th Annual Golden Globe Awards
1534208,Who's King of the Mountain
2519484,Zhui hun san
327215,De kist
1180939,It Never Rained in Those Days
1750023,Built in Kabul
1197823,(2007-04-23)
1588393,(2011-04-24)
81576,Procedimento disciplinare
805211,(#15.38)
481012,The Day the Earth Froze
2463722,Una strada diritta lunga
147738,(#2.9)
400545,(2005-12-29)
2384306,The Last Dervish of Kazakhstan
1685517,Anal Playground
1913157,Gekijouban Yuugiou: Chouyuugou! Jikuu o koeta kizuna
599057,Full of Surprises
1880172,Fabian ordner Gardinstang
1155203,Eizan's Shadow
2356502,The City
1873084,Escursioni sulla catena del Monte Bianco
608239,Keen as Mustard
1237799,Marah
2228832,Raat Ke Rahi
632223,Birthday from Hell
812893,(2012-09-18)
1242596,Money Go Round
1541018,(#1.752)
259766,Con las manos en la masa
1700358,At Home with Barbara Eden
2066863,Les clowns Averino et Antonio
724917,True Feelings Unfold as Sarah Remembers Her Past
332417,Decogarden
1289748,(#1.1528)
441808,Pethera Dytikon Proastion
2004018,Joshuu amazonesu 3
1429760,(1980-11-28)
205398,Car and Driver: Tested
2480240,Violet Violence
1729298,Billy Jim
1878932,Extended Family
313198,(#1.30)
401851,(2012-05-08)
2411026,The Second Coming
227995,(#1.8)
406841,Verraten und verkauft
40566,The Village of Evil
27812,Breaking the Ice: The Story of Mary Ann Shadd
58206,(1998-09-24)
1555553,Knettergek
1121302,(#1.1159)
964537,(2002-04-17)
2354011,The Cage That Is My Beauty
2025562,Koo tae song loke
2056618,Le bagman - Profession: Meurtrier
355546,(#2.2)
926702,(#1.929)
2277581,Sgt. Yanquiling
1641653,48 ores prin
1025328,¡Cambio de sede!
738939,Arsène et compagnie
2463281,Una grande storia d'amore
118870,(#1.926)
2228447,Quo vadis Zivorade
450881,Las hijas del Cid
2122249,Miss Pinson
1041477,Prejudice
1701511,Atrás de las sombras
894728,(#1.22)
2526417,Great Performances
741959,(2000-12-13)
1637984,"2 Männer, 2 Frauen - 4 Probleme!?"
2061375,Le problème de Chirac
1950096,Hilia hronia prin - Vyzantio: I giorti ton Kalendon
616370,Father Knows Best
728489,(#1.8)
542099,Jake's Nuts Roasting on an Open Fire
671449,(#12.25)
739093,View of the Garden
2372688,The Girl in the Tonneau
1493073,Lou Ferrigno: The Incredible Mr. Ferrigno
1650118,A hangya és a tücsök
2069039,Les prisonniers de Beckett
1783272,Come Again Smith
1944229,Hell-Bent for Heaven
1154464,Pittsburgh II
1025842,(#2.5)
1130406,Going Deep
1162365,(2009-10-19)
1572062,What a Dummy
591652,Brooke Faces the Music
578819,Hemmeligheden
400448,(2005-07-14)
2508057,WWE SmackDown vs. RAW 2007
1643389,80 Vara Toppers
441512,Romak & D. Bene
1626074,Zwei Engel für Amor
1918702,Girls Gone Wild Dormroom Confessions
850383,Maxim TV
1866865,Emptiness
1828954,"Die Herrin der Welt, 7. Teil - Die Wohltäterin der Menschheit"
143333,Heap Logs and Let the Blaze Laugh Out
1093189,(#1.3)
612463,(#29.96)
1766981,Change
1688326,Angie
2139297,My Neighbors Are Crazy
209295,Jackson and the Women
1872593,Escama de Peixe
1137380,Lost & Found
622100,(1972-01-23)
715121,Die Gala
983180,Haunted High Court
2145694,Nasledje
2227778,Quest for the Golden Arc-Rider
546325,(2005-07-12)
1952298,Historias de Acahualinca
2041776,La hégira
2319919,Suicide du Colonel Henry
2087529,Love Sucks
692256,(#1.3)
266618,(2003-06-13)
438534,(2010-06-08)
2010301,Kakera no youna mainichi o
2094943,Magazine Gap Road
2139721,My Short Film
1199299,Spin Cycle
243388,St Pancras Station and Chambers
2067223,Les dix
59801,The Use and Abuse of Vegetational Concepts
1898798,Forever's Gonna Start Tonight
1683347,An Animated Doll
2324881,Svegliati Pezzettino
2202837,Pikku-Matti maailmalla
790306,Down to Earth
2203388,Pin-up et Pénélope
1323847,The Junior Einstein Factor
1683799,An Evening of Stars: Tribute to Patti LaBelle
253630,Strange Encounter
298900,Con la frente marchita
442458,(#1.6)
2266752,Schulmädchen-Report: Was Eltern nicht für möglich halten
672425,(#25.20)
841905,(#4.38)
1680271,Ambushed
1334845,Puppy Love
2002952,Johnny Skidmarks
730332,(2001-12-07)
686987,(2008-10-17)
1831277,Die Superbullen
2273366,Sensations-Prozess
2022307,Kivski Freski
1700886,Atcha
264850,In the Hands of an Angry God
1197349,In Theory
867097,(1993-01-27)
2494143,What I Should Have Said
1406341,Vicious Circle
2522443,Zygose
1203054,Stop for a Minute
183297,(#1.6)
1216101,(#1.56)
2065004,Lego Beach House Burns!
651688,(2010-09-19)
447470,New York Jets vs. Buffalo Bills
113234,Allein auf Harnas
2050220,La última noche
756413,(#1.19)
2262519,Sardari
1387487,(#5.38)
467253,På flyttetur fra trolden
313979,(2008-04-05)
1429281,(1973-12-14)
517670,Soshiki no sai kôchiku ji ni hassei suru kadai to taisaku
2494774,What's Done in the Dark
2287379,"Sikh, Rattle & Roll"
724698,(#2.1)
1000923,(#1.1847)
2047707,La soledad
1076659,The Purdy Family
936318,(1991-04-09)
1397785,The Pen of My Aunt
2339710,Tesna koza 2
2022029,Kita e.: White Illumination
1093900,(2009-07-23)
132996,D-Day: First Men In
1542515,Tessa
1538738,La tormenta (3ª parte)
891008,The Suspected
1867169,En dans på roser
280819,(#28.33)
1191315,(#9.6)
1690892,Anthony Mor Nam
1498146,Pimp My Ride
263018,(1999-11-26)
136903,Maya Tries to Make Her Boss Smile
1804169,Dark Roasted Death
662501,Fix My Celebrity Ex-Spouse
207172,Capítulo 18
2103878,Marion
60791,Et Tilnavn
892838,British Invasion
259077,I figli sò figli
724022,(#1.83)
1429598,(1978-04-03)
960241,Tennesee
1989656,Ironman Triathlon World Championship
1787456,Contessina
1665780,Addicts
877874,(#5.9)
585729,I'm Saving My Friend!
810293,(2006-06-15)
695806,(#1.10)
2161682,Nova: Volcano Under the City
2433202,Three Christmas Dinners
126726,(#4.67)
1889144,"Fight Like Soldiers, Die Like Children"
585532,The Sound of Freedom: Maskingevärskonvent i USA
535918,Third Week
1019276,The Interrogation
1762539,Castillos de Castilla
958816,The Amazing Bulk
923765,(#1.3595)
104949,(1999-12-10)
1747519,Broncho Billy's Mexican Wife
2281583,Sheridan's Ride
52476,(1999-12-23)
130654,(#1.1360)
840825,The Gun
1531796,For Whom the Bell Tolls
2411429,The Secret Pact
170050,Mob Mentality
158239,(1996-08-31)
808674,(2006-02-15)
1673414,Alegría de la confusión
1585989,Grinder Claus Is Coming to Town/Merry Grindernukamas
88300,(1999-01-21)
2148414,Nedeljno popodne na Grenlandu
754656,(2004-02-12)
442832,(2013-03-19)
1638208,20 Greatest Celebreality Moments
1097764,I Write the Songs
617155,Let Go of the Leggings
174499,Cyprus: In Search of the Golden Fleece
961873,Es ist nie zu spät
1072090,Fresh Meat: Jail Break
995149,The Reporter
359003,The Front Page
1723897,Betty Becomes a Maid
1904824,From Script to Screen: True Night
2268675,Scènes de la vie cruelle
1875835,Eve
675696,Make Way for Baby
1804885,Das blinde Ohr der Oper
560123,Strandläufer
1654666,A Path for Hope: Ending Juvenile Life Without Parole
247129,(2002-09-05)
569738,Investigador privado
1964679,Hush Money
405526,The Gipper Caper
85259,(#1.41)
302494,Stunde der Wahrheit
1869262,Engineering Principles of Refrigeration
383855,Wedding Woes
1423951,Showgirls
730575,(1985-04-01)
1796785,Cuore di cane
411556,(2003-12-22)
4060,(2013-04-29)
1321951,The Action in New Orleans
310282,(#1.416)
1595529,(2001-12-13)
1854165,Efecto caipira
1183052,L'avocat du diable
1747609,Brooke Banner AKA Filthy Whore
2185634,Pacala si Tandala
1007441,(2006-05-13)
1172143,The Enemy Is Time
1511633,(#3.7)
1971267,Ice Age: Continental Drift - Arctic Games
828018,Magdalena
1872710,Escape from Colditz: The Escape Academy
1594945,(1999-07-26)
1079531,High Noon
1917595,Gimme
994451,Park It Up
1698886,Aspects of a Life: Working with Indigenous Australians
465661,(#1.3594)
1609447,(#1.50)
2263554,Satyavadi Raja Harishchandra
646688,(2002-08-21)
1162168,(2009-01-08)
2238628,"Remembering Irving Klaw, Part 2"
1112452,(2004-07-09)
704706,(#1.5)
239388,(1964-03-14)
2437995,Tiro
436827,Keine Nachricht aus Australien
2194749,Pavement
2193597,Patataciclopica
1021209,The Water Pipe
1288977,(1957-11-24)
1475442,To idryma
39908,Motivational Chat with Jess Manuel and Jaime Kalman
1433348,(#3.286)
2213744,POV Casting Couch 22
379700,(#5.13)
1587834,Porträt von Elfi von Dassanowsky
2103513,Marieke van Nimweghen
228937,Shanti Volunteer Association
469249,Ice Station Winslow
187966,The Cast of Aquí mando yo
663027,(#2.3)
49847,(2008-02-19)
2453253,Tucked Away
2119935,Minato no kanpai: Shôri o waga te ni
1012621,The Ringer
818834,Lung tik tin hon
989711,(#1.19)
2352504,The Breakfast Parliament
2465798,Une femme d'extérieur
955732,(#1.2)
2389642,The Mad Woman
864711,Entierro
1596277,(2004-12-01)
957454,(2007-03-10)
1949002,Hidráulica Agrícola
1429117,(1973-03-09)
503458,The Good of the Cause
2296716,Snow White and the Huntsman: Enchanted Forest
1287175,Safe Place
1574504,(1962-07-08)
1484539,Granen i skogen
1068192,The 25 Most Powerful People in Entertainment
2011754,Kanazuen no Onna
2249235,Romance of an Actress
1481508,"'Drive By', Train"
462576,(#19.9)
1997672,Je veux mourir!
1233279,Sérieux s'abstenir
781887,The Forbidden Guests
786833,Lighten Up!
1414112,She-Fiend
1125923,Big Screech on Campus
2039793,La famille Wolberg
2493535,Whale Bones Found in Chile Desert/Short Film
1041866,(#1.23)
2202373,Pierre Desproges: Je ne suis pas n'importe qui...
1075634,Just Like That
855058,(2005-02-27)
517233,(2004-09-10)
2333511,Target: Sea of China
2486310,Wakusei robo Dangard A: Uchû taikai sen
1522429,Un-Go
1513561,(#1.3)
1663607,Absolution
1142139,The Case of the Great Pearl Robbery
1351655,(#2.4)
1289387,(1973-10-21)
541806,(2004-02-25)
504504,(#1.55)
2404580,The Project
1233754,(#6.118)
1030203,"Kinder, Kinder"
1763532,Cattle King
2422969,The Union: The Business Behind Getting High
1002186,(1981-02-13)
2384761,The Last of Sheila
199198,En la banca
2417946,The Suspect
1079303,Alone
1731577,Black Angels
946531,(2004-08-30)
1919858,Gjrmë në dëborë
1399786,The Firing Line
1224248,(1972-05-19)
703267,Restart 1
2078884,Living in the Shadow
1096323,Das Haus an der Küste
1463839,(2006-04-02)
42907,Semeynie cennosti
2296867,Snuff
2302521,Sosayting tindera
1689141,Aniversario de la muerte del general Zapata en Cuautla
2441620,Toma de posesión de Porfirio Díaz
521360,Georgina y Vos
2461773,Un juego de niños
1796783,Cuore di bimbi
2140037,My Universe Inside Out
2065144,Leichtsinn
420750,(2003-07-17)
307432,Footfalls
2264310,Saving Turtles Through Science and Community Conservation
552525,The Green and Gold String
205175,Inappropriate Contact
399724,(2002-01-25)
462897,Fairy Tail
1450246,(#12.17)
2017161,Key
1452942,(#3.1)
1835424,Displaced Person - Peter Lorre und sein Film 'Der Verlorene'
493777,(2012-09-26)
599313,Home & Family
1599470,(#1.4)
1745170,Breastman Does the Himalayas
2416698,The Story of Priest Point
1754031,Böhse Onkelz - Vaya con tioz
2167006,O Vira
2080949,Lone Star Country
1936576,Hans Nielsen Hauge
1862024,El pícaro
374493,(#1.2)
972752,Russian Roulette 2
635096,(#1.9)
818353,Will Janine Accept Jake's Proposal?
2135860,Muse Wanted
258647,(2003-08-21)
2283441,Shnei Yossi
152014,(#14.7)
2290588,Sista's of R&B Hip Hop Soul Vol. 2: Alicia Keys & Ashanti
248581,(2009-01-03)
2401054,The Pebble Beach Experience
2364300,The Drowners
660062,Grace Williams
658753,Heart from a Friend
519208,(2001-11-13)
2292267,Skipper of the Skies
342944,(#1.52)
1760857,Carnaval Infantil no Palatino
2273568,Sentencing the Victim
2285645,Shuzenji monogatari
1885686,Favorites
2038237,La conquista dell'impero
1188362,Ginza bangaichi
1492153,Virtual Justice
761039,(1997-09-27)
1292698,(#1.4717)
1258654,Les secours vont venir
995323,(2000-12-09)
1885287,Fathers Are People
2025585,Kooky Loopy
1171067,(#2.2)
11255,Fan Mail
1473373,(1981-03-21)
1990158,Isayama Bushikô
387250,Case #31
357962,Die erfolgreichsten deutschen Alben
732173,(1997-07-09)
262193,(#4.85)
1084946,Cattle Rancher
2125852,Moments in Monochrome
1201038,(1994-06-15)
310154,(#1.300)
1517157,Obesení Santa Klause
1009379,Since I Lost My Baby
1118215,Donkeylips' Crush on Dina
1396916,"Patty, the Pioneer"
1303624,Bumbleton Q. Bear
2479157,Vigilante
839146,Kedvezö szél
1606814,Yair Lapid
743537,(#6.85)
734426,(1999-04-06)
380673,Double Yellow
1608393,Jia Zuoguang: Wu dong ren sheng
895907,(#1.19)
1770807,Chibi robo!
1711548,Bam Margera Presents: Viva La Bands Vol. 2
492413,(#3.3)
54690,Alien Hunter
1294515,(#1.6420)
516999,Friday Night
1912415,Gayme Night
2373007,The Girls of Bel Air
452649,Schiller
1377780,(1953-05-19)
1248954,The Beast Within
1975631,Il patto di Polidor
1008204,Jovens Inocentes
528256,Games Peeps Play/Tents Situation
232120,If Looks Could Kill
2104053,"Mark Di Suvero, Sculptor"
2089891,"Luke, Patient Provider"
39010,(2010-04-09)
1939470,Hasta el viento tiene miedo
1709620,Baggage
1843236,Down By the Promised Land
763745,(#1.84)
765933,(2004-04-07)
165512,(#1.6)
1352084,Elizabeth
648740,Alonzo Clemons
1850360,Dzis mamy bal
1301420,(2008-06-16)
1183874,Dead Celebrities
1102463,(1973-09-23)
486869,Foley Square
1828203,Die Flußpiraten vom Mississippi
797584,Space Farm
2243371,Ricordami
2260490,Sanbaba '91
1219155,Hail to the Chief
2325516,Sway: Yuragi
2034115,L'ingrat
786419,Shark!
1003490,"With Friends Like You, Who Needs Enemies?"
2361113,The Daylight Burglar
815842,Angel Trousers
2472606,Valentino y el clan del can
2337935,Ten Cents a Dance
1435445,Career Day
1046080,(2003-04-02)
54477,Good Buddy Flo
1795932,Cuentos colorados
815775,EOA
514840,(#1.11650)
2271097,See Uncle Sol
223523,(#1.13)
2502325,Windy Riley Goes Hollywood
1530564,COLT Mk-V 'King Cobra' 4inch
2468512,Untitled Beyond Good & Evil Sequel
2330835,Takeover
2380625,The Interior Monologue of Gill the Goldfish
1469265,Swimming Upstream
157642,(#22.21)
82809,(#1.6)
499682,Field Trips
143706,Das Nilpferdbaby
1880414,Face of a Fugitive
2016693,Kent Masters: Secret Agent. Chapter 12: Apples & Acid
2110307,Medieval Warfare: The Crusades
1505239,(#1.57)
662542,Hopping back to the Future
107991,Inequalities and Functions
1002905,Okap
36471,(2010-05-03)
152565,(#4.29)
2130935,Motostory
388667,(#1.35)
1153384,(2009-03-02)
2090120,Luminescence
110748,Catwoman: Guardian of Gotham #2
1813568,Deception
2397281,The Newly Born
5604,Game 5
214063,(#2.4)
986681,Sein Name ist 006
1565147,The Trouble with Gary
536648,"Gomer, the Beautiful Dreamer"
1229185,Germanes
1901772,Frau Holle
2509864,Xyanide
2095839,Maharani
259255,Lucha por algo
2342001,The 20th IFP Independent Spirit Awards
666698,Vorstufe zur Toleranz/Altes Ehepaar gesucht/Oben und unten
2227877,Questo sì che è amore
411956,(2006-01-16)
1006542,(2004-09-08)
609182,Building a Competitive Dirt Track Engine
352012,Der Strohmann (Teil 2)
84823,(#1.346)
2194985,Payback
1374867,The Monkees on Tour
2022784,Klimaxx
2292917,Sladká Josefínka
2200409,Phantom Theater
1459510,Shopping at Vons
2339614,Terry of the 'Times'
2125698,Mom's Black Cocktail
1836895,Do outro lado do espelho
2420950,The Traitor
532169,(2003-12-10)
1107724,(1998-05-29)
677018,Wind
1424084,(1961-03-11)
154842,House of Representatives
1876445,Every Valley
1139273,"Anchorage, AK"
2213408,Poulet cocotte
2301368,Sonho de Amor
1225723,(1977-03-18)
1058786,(2010-04-07)
1974525,Il dramma di Cristo
567286,Hardcover Mysteries
10119,Australia: Emu & Kookaburra
1067566,Here Comes the Rain Again
102181,(2006-08-17)
662403,The Kidnapping
2081068,Lonely Planet
438333,(2012-11-12)
1608622,Ride
2096302,Mail
1797496,Curvy Girls
442766,(2012-09-12)
2508951,Xia zhong xia
700216,First Sight
1627573,(2000-12-04)
335711,(2010-08-03)
1794663,Crumbs from a Hard-Boiled Egg
1764036,Caveman
2022119,Kite
2462021,Un monde sans pitié
2429742,Their Only Son
2179885,Orgulho da Iniciativa Portuguesa
2350697,The Blazing Caravan
2022238,Kitty Foyle
979342,Nagurenai!
1055250,O Duelo
209518,Episode #28
2001177,Jinrui no yume o tsumuida uchuusen: Supêsu shatoru 30-nen no kiseki
2197956,Perfect Parents
2310629,Star Wars: The Force Unleashed - Ultimate Sith Edition
2270064,Secret Asian Man
985811,(2006-12-05)
1689302,Ankomme Dienstag - Stop - Fall nicht in Ohnmacht
397680,(#1.100)
2059763,Le livre des rêves
1756274,Calle Schewens vals
721581,(#1.1)
451878,(2007-01-22)
1347966,Rooms with a View
1856448,Einmal Casanova sein
370930,The Mind of Evil: Episode Four
1386680,(#36.4)
1604400,Ascension: Part 1
1372518,(1972-07-12)
1689927,Annie: A Royal Adventure!
2423500,The Vacation of Death
1379894,Get Smarter
1234006,(#7.30)
667358,Penguin Attack
961247,Things That Go Bump in the Night
2099707,Man of Blood
12801,Cathrine fra Big Brother
1664102,According to Plan: The Story of Modern Sidewalls for the Homes of America
1417162,Carte Blanche
1915994,Geudae byeonchimayo
164698,(2005-09-16)
547917,(#29.2)
1437874,The Internet Has Taken Over My Life
1410531,Reluctant Hero
1227937,(#1.129)
2441186,Tokyo no kyujitsu
2392220,The Marauders
2244649,Rings of Europe: November Classic
1673956,Algo sobre Berruguete
846901,(1991-06-10)
972726,One of the Boys
2347788,The Battle of Frenchman's Run
818047,Cocos Kinderwunsch
81447,Dear Boy
36217,(2002-06-15)
161228,(#1.447)
35695,(2011-09-14)
1145996,Judge Without Jury: Part 3
675168,Episode #29.7
220961,(#2.26)
2371015,The Funeral Singer
205030,Summit to Save Earth: Part 1
1082645,The Mother Meets the Parents
739312,Infidelidad
1370013,(2013-03-08)
463929,A Time for Saboteurs
207525,(1994-10-08)
931326,The Family Portrait
331680,Death's Chronicles: The Webseries
1593005,Backlash
1815456,Delo proshloe...
1405042,Pass the Peace Pipe
800835,(#1.117)
1290848,(#1.2995)
1113896,Uma Fantasma Portuguesa com Certeza
917337,The Jordan River
216393,(#1.49)
1702790,Augmenting
1993820,Jabardasth
1027024,Golden Men Week: Director's Cut
1984150,Infinite Shades of Grey
1409629,(2011-10-24)
462702,(#22.58)
863520,(#1.205)
2360295,"The Damnedest, Finest Ruins"
1737892,Bob Builds a Chicken House
2044503,La noche más larga
732885,(2001-02-20)
119405,No es país para pijas
746801,(#1.186)
31282,(2010-03-17)
1190654,Linklater & Bogosian in New York
650346,(2012-12-05)
1200015,(#1.6)
1675449,All Expenses Paid
1952412,HIStory
188461,Lincolnshire
1439664,Spring in Park Lane
1667320,Afacan
839934,Shiroki hanabira
1335530,The Glass
468215,(#1.60)
1840573,Donauleichen
2382717,The Killer Eye
1001387,(#1.649)
922285,(#1.2203)
1672393,Al tawous
1278990,(#2.14)
983067,Harry Shearer
1378048,(#1.4)
1542070,(1995-04-11)
283965,(#58.106)
2150530,Never Fear
2506901,Worte und Spiele
1923352,Goldielocks and the Three Bears
1772355,Chimukala Pahuna
776601,Les atomistes
1770968,Chicano Blood
1124534,Christopher Walken/Bonnie Raitt
1598379,Jeremy Thorpe
524465,Mark Twain House
1212339,Nerawareta atakkâ
1939380,Hashire!! Gojira
153173,(2013-01-22)
2120414,Mini Van Moms 9
522077,Jennifer's Bedroom Refuge
1654883,A Petticoat Pilot
1487,(#2.3)
473516,(2011-10-20)
1642063,50 Bucks
2074596,Light Box Trio
2351158,The Boat Train to Euston/Graiguenamanagh Abbey
1063118,National Cheeseburger Day
1997333,Jazz Duro's Blow Job Perversion
1277590,Tooth and Claw
1744663,Breakfast at Tiffany's
727672,(#5.6)
1795841,Cucumbers from Hell
1281225,Is He the Lodger?
1107277,(#1.132)
753748,Laoura
2024173,Koina no Ginpei: Yuki no wataridori
1031652,(#1.146)
966243,Delayed and Enraged
1243357,Sekai no chikara
82060,Rosalie Believes That Angelito Still Has the Best Intentions for Junjun
1557419,Oinari sama. Kogitsune o daku
2093315,Macy's Thanksgiving Day Parade
1883656,Far Out Man
745095,(#2.8)
1934854,Halloween: The Inside Story
88043,(1998-05-03)
2373117,The Glass Slipper
197461,(1970-03-05)
920093,Getting to Know You
501949,La vida sigue
1269772,Chapter VI
1196645,(2003-01-15)
2459054,Ukala: Ang walang suko
721193,Castle Hassle
743245,Preparativos de cena especial
1758158,Candles & Carols
1341152,Time Is the Rider
1740652,Book by Burrows: The Man Who Wrote Can-Can
1798996,Da Cannes alle sbarre - Una testimonianza di Pavel Nazarov
1176156,Sins of the Father
379210,(#2.7)
252459,Sputnik
541406,(2012-07-24)
355263,Die ungleichen Brüder
1296147,Breaking Into Acting
1580165,(#2.11)
511039,Big Cuts Are the Biggest
754113,(#1.165)
2064358,Left for Shadows
506525,Satellite Down
2413151,The Silent Majority
1560744,Past and Future
2278010,Shadow Falls Memorial
2409250,The Roshans: Hrithik Live in Concert
458859,Simpson Family
2011819,Kandinsky
1158123,Hero Worship
2320679,Summer of the Flying Saucer
2411459,The Secret Service
811839,Chapter Four: Dead Leads
1922120,Gods and Generals: Journey to the Past
1052126,Ken to budôkai
731761,Too Young to Die
1244394,Tattingers
1074026,(#1.4)
1376643,Top Ten Dead Characters
72079,American Builder
567867,Yasser Abed Rabbo
273129,(#1.4272)
859225,(1950-09-06)
2477246,VFX Explorations: Germania and Rome
520540,Black Gold
580055,Do I Make Big Mistakes?
62747,Späte Liebe
1117187,Taneli sotkeutuu ujoutensa verkkoihin
892866,Live Songs
190589,Show 25
675184,Episode #29.90
2065382,LelleBelle
2117496,Midjachvuli raindebi
1170947,The Top 12 Perform
855338,Brother Tom
2459724,Um Atentado
1068591,Del 2
1280791,Sunset
876228,(#1.27)
11582,(#1.2)
1242976,Tarzan and the Fugitive's Revenge
386620,At the Zoo
2154028,Night Train
1624000,Verloren zonen
1622270,(#1.9)
1350529,The Ones You Love
1508748,(#2.30)
837441,Es una chica excelente
195659,(1999-02-07)
1691745,Anónimo
461244,Fabulicious Day
2141543,Métier de fous
1111912,(2001-03-30)
1438760,The Unfinished Nation
2426100,The Weekend
1083492,Bua
614491,"Cultures Collide in Copenhagen, Denmark"
967887,Pope's Pop Music
1542032,(1995-02-22)
612964,Twee onwelkome gasten
2260420,Sanad-e zende
741168,(2009-12-19)
1516089,(#3.9)
244317,(1993-10-01)
2313406,Still Life
1422184,Don't Quit Your Day Job
656643,(#2.7)
1164750,(2013-01-07)
457644,(2007-02-22)
1830270,Die Perlmutterfarbe: Mit den Kids beim Dreh
1308894,(#1.5)
1172510,Roles inverses
146481,(#9.7)
2058763,Le fakir de Singapoure
958475,Objectif: Nul
1190552,Julian Hunter
313841,(2007-11-11)
2457891,Týden v tichém dome
69557,(#23.9)
653419,(#1.19)
2061628,Le rendez-vous de Max
198462,(1999-12-02)
1533496,(#1.41)
321930,(#1.901)
657951,Running to Win
1414570,(#2.60)
1593867,Woofy and the Treasure Hunt
1193444,(#1.51)
806962,(1994-03-08)
661937,A Memory of Two Mondays
1023424,(#2.177)
464932,Familiar Faces #50: Mutant League
2175200,One Dollar's Worth
1935144,Hamburger Hill
157997,(#41.2)
68398,(2012-11-13)
1485214,(#1.149)
1016072,Pingu and the Doorbell
1225172,(1975-06-07)
939537,Nigella's Christmas Kitchen
2385097,The Last Split Second
2309649,Stalking the Wolf
355276,Flügelkämpfe
610672,Beauty Pageant
39463,"ActorsE Chat with Ryan Katzenback, Diana Maiocco and Judith Jones"
846945,(1983-12-15)
1895917,Flying Hostess
999175,(2011-01-19)
2416950,The Stranger
1016720,Pinoy Big Brother Buzz
762313,(2007-06-13)
2521747,Zulu Awards '11 - Mere af det hele!
353741,Show #127 - Pferde-Lasagne zum Valentinstag
427937,(#7.187)
2001928,Joe Palooka in the Squared Circle
220938,(1980-06-18)
279570,(2012-02-01)
427126,(2010-12-10)
572539,(#1.33)
1702232,"Au secours, j'ai trente ans!"
1374760,Flying Scared
1656395,A Round Unvarnished Tale
1328329,Master of Spin
958396,(#1.59)
994113,(2005-08-26)
358575,Die Wilsheimer
1613829,Schulden: Das fröhliche Leben auf Pump
949525,(#1.5)
1163653,Beach Ball
1515959,(#1.12)
711669,A három zebra titka
990693,16. dag
1450005,The Wrap
1790853,Courier to the East
829028,(#1.2)
372215,Fear of the Dark: Part Two
284238,(#60.101)
2204862,Pitz & Joe
334458,Nidai kyûkyoku Shinka! Yami o Buttobase!
1376363,3rd Grade
1576885,(#3.146)
1171560,(2004-11-17)
914694,Cecile Finally Realizes That Bruno Is Not on Her Side
790176,Barbalha + CTC
420590,(2002-07-15)
2189182,Paper Magic
1812441,Dearly Beloved
1882803,Family Winter Adventures
110988,Atrévete
843206,Martin Favors His Left
2501824,Willie's Dream
1391374,(2011-07-27)
481289,Murderer's Wife
946279,(2000-11-11)
1494839,(2000-01-08)
1377741,The Name's the Same
805854,(#6.51)
92021,Plano B
2516247,Yule Laff
1001398,(#1.667)
40281,Faraar
2180417,Orson Welles à la cinémathèque
1818603,Der gute Merbach
1255561,(2007-06-29)
2492061,Welcome to the Machine
81067,The Opposites of Attraction
199053,¡Necesito consuelo!
1800638,Daku Rani Ganga
243660,(#1.10)
44876,Friendly Fire Marshal
2059698,Le lapin immobile en pleins phares
1480251,(2008-03-24)
2403351,The Power and the Passion
1290555,(#1.272)
2439602,To Paradise
498366,(#16.18)
1988694,Invisible Art/Visible Artists
143736,Benji Call Home
244391,(1995-08-17)
760220,(#2.8)
679747,(#1.138)
482851,Jeramy & Kaley
2320461,Sumire musume
2268039,"Screen Snapshots Series 9, No. 12"
1187849,(2013-04-11)
2443667,Torihada 3: Yofukashi no anata ni zokutto suru hanashi wo
2138954,My Love
584645,(#1.5)
623223,Humor Livre
760033,(#1.3)
526875,Ranto: Mîbu kôya
499011,The One with All the Other Ones: Part 1
245465,(1997-08-07)
1192785,(#3.12)
1893897,Flash Backs
1205106,(#4.15)
1349887,The Jaquie Brown Odyssey
2463532,Una novia para siete hermanos
694411,Sea Jack
363332,Ludwig van Beethoven: Symphony No. 9 in D minor
1098786,Oude tijden herleven
14820,Made in Germany
1332852,(#7.3)
1886811,Felix Brings Home the Bacon
904788,The Landed Proprietor
1777931,Claim 24: A Dark Fairytale
2281409,Shen qiang xue hen
1519412,Fantasmi del passato
130632,(#1.88)
1703485,Australians Going in to Field
1980398,In Opposition
1003778,Georgia on My Mind
1805368,Das Geld auf der Strasse
468530,Battle of the WWF Superstars
1811290,Dead of the Nite
1985604,Inside
1822165,Des nouvelles des enfants
2268066,"Screen Snapshots, Series 1, No. 26"
655892,(1970-06-29)
86145,Vorwärts in den Sozialismus - Müssen die Reichen jetzt zahlen?
731771,Armand's Hammer
1801510,Danach
2274896,Seta nokhaleh
2512403,Yi dan
379790,The Falcon
826466,Lawryn Is Made Into a BMX Biker
2440527,Todo al diablo
1810590,De vijfde bruid
2337543,Temperament Unsuited
245152,(1995-11-18)
1651456,"A Leap for Life; or, Trappers and Indians in Canada"
2489488,Watering Mr. Cocoa
1454444,(#1.7862)
398536,(1994-11-15)
407598,Varkoules armenizoun
602212,(#1.4306)
2089957,Lullaby
329529,Sexy Fighter Pilots
2222347,Pubworld
2507977,WWE Elimination Chamber
2080056,Lock & Key
2106220,Massacre Files
1537862,Velvet Soup
1392038,(#1.7)
855847,Supercars: Tesla
1611562,(#1.17)
697598,Karel Kryl
2174169,On the Subject of Your Recovery
305753,(2008-01-23)
2323252,Sur deux doigts
735685,Une idée fixe
999187,(2011-02-04)
1287827,Long Live the King
2190724,Pardon My Gun
1353204,Anyone for a Fat Lip?
338812,Der Hecht im Karpfenteich
2006157,Julius und Julia in 'Solidarität'
1799643,Daddy
737750,Arturo perfecto
831064,Majken
2103272,Mariah Carey: Around the World
2200354,Phantom of Kenwood
660729,(2010-01-19)
1286429,Funny Ol' Business - Cops & Robbers
1047434,Shadow Dancer
1938981,Harry vs. the Horntail: The First Task
2429199,The Yodel Within
1408237,Key in the Lock
893593,Contaras conmigo
996938,(1996-02-06)
733690,(2005-08-05)
1992304,It's Time to Give In
164586,(#4.1)
350071,Alle meine Lieben
518484,(1998-12-17)
2399450,The Oshima Gang
295100,¿Dónde están?
1195980,(#1.2)
403746,Die Limousine
749856,(#1.13)
1017696,Dichiarazioni d'amore
1430915,(#11.176)
1640078,3 Dates
321042,(#1.7002)
1139274,"Anchorage, Alaska"
1040128,Helen Keller
906090,Rebecca: 2
2142454,Naag Champa
732595,(1999-10-21)
1006768,Supèrbia
1442953,It Wakes at Night
540651,(2008-08-29)
325073,Deel 7
1856486,Einmal Superstar und zurück?
232673,Revolution 101
1173006,Le jour ou la bourse s'arrêtera
1693390,Aqui Há Fantasmas
2391939,The Man with No Name
2081179,Long Day's Journey Into Night
49065,(#1.4)
2339943,Testimoni Verdaguer
324708,De geheimen van Barslet
371381,(#3.7)
938023,(2006-02-23)
1157127,(#1.10)
1501144,Goodbye for Now
205447,SEMA Car Crazy Stage
822771,Ma3a sabk el esrar
1513074,Man from Atlantis
921820,(#1.1756)
724500,(2012-05-03)
329109,Two in the Morning
143619,(#2.7)
966840,(2012-07-13)
1622171,Mouchy
2115381,Metrobranding
2376305,The Happy Home of the Murderous Mahones
405475,Here We Go Again
1910675,Gang to odoriko
189890,Buongiorno Cina
1406633,The Possum Ponderosa
19683,What's Past Is Prologue
371726,Baby Bond
1778300,Class Actions
1712176,Bang Boat Vol. 4
1342255,"Carry On, Part 1"
91142,Osa 37. Kokkola
928529,(#2.8)
148548,Cousin Serena Strikes Again: Part 1
2377027,The Heart of the Deal
1935382,Hammill
1788659,Cor' 'e frate
2330575,Take Me Back
661965,Before the Sun Goes Down
1730202,Bird Flu of My Chicken Heart
1668103,After Hours Therapy Number 1
1231038,(#1.147)
1620851,(2008-01-15)
2167575,Objectify Me
2154650,Nikah
1551722,(#1.55)
1480573,(2009-11-28)
347367,Shape Shifted
235562,(#1.114)
1358882,(#4.317)
1766358,Challenging Behaviour
609915,(1991-12-01)
943565,(#1.14)
1473358,(1980-12-06)
468476,Country & Western Singers vs. TV & Film Cowboys
1137418,(#1.6)
1231819,(#1.259)
1969459,I Suck Your Flesh
220748,Chabad Telethon 1980
2443473,Toque
1461501,(2004-02-24)
660033,Dean Sikes
563902,(2012-11-12)
483079,The Hostages: Part 2
1175347,Sin
1105281,Rebecca Black
981545,Evie's First Kiss
463322,(#1.56)
993120,(2009-02-13)
930698,Fire Safety with the Fiery Furnaces
1925919,Goyôkiba: Oni no Hanzô yawahada koban
855084,(2005-10-09)
1202288,Marketing
716094,1001 Nights of Anne Matheson
1737726,Bo Diddley: I Don't Sound Like Nobody
558487,Incident
372991,Own Hair and Teeth
829002,Prücsök
1653474,A Moon for Two
178552,(2004-10-17)
2197511,Per un dollaro a Tucson si muore
2038858,La danse des esprits
1901206,"Frank Gardiner, the King of the Road"
2170065,Oh Mabel
1181146,(#1.17)
1865198,Elli
2448934,Tree Top Concert Singers
2425523,"The Water Babies; or, The Little Chimney Sweep"
2448520,Tre cazzi per godere 1
1231554,A Repülõtéren
1523302,Bluebell Buck
235688,(1994-08-22)
1507283,Si è spento il sole
513386,Imp on a Cobweb Leash
148964,Battle With the Devil
592532,Night Cover
2353302,The Bug
2514282,You wo jiu you ni
276350,(#1.7172)
2087299,Love on the Run
1873837,"Essen, schlafen, keine Frauen"
1256569,(#3.11)
2181777,Otherwise Bill Harrison
14952,(#1.34)
421558,(#1.39)
466396,(#1.4323)
278593,Around the World in a Total Daze
2490534,We Swallow 20
804693,(#13.203)
1513102,Read My Lips
681739,(#1.10)
2349071,The Best of Victor Borge: Act One & Two
44596,Double Sin
1264405,"Too Old to Trick or Treat, Too Young to Die"
2513937,You Don't Have to Love Me
645565,(1999-07-08)
1912648,Geburtstagskinder der Nouvelle Vague
1270883,Party at Neutron's/Ultra Sheen
2300993,Sonata para Arcadio
1639007,2012 Hero Dog Awards
1253006,(1998-10-10)
1848913,Dunckel
430022,Shorts 2
72796,Pilot
752269,(2008-09-20)
620891,(1999-06-23)
998715,(2009-05-24)
942686,Nini
277589,(#1.982)
1122423,(#1.867)
